2025-01-17T01:29:05.213+05:30  INFO 3648 --- [BookManagementAPI] [main] c.e.b.BookManagementApiApplication       : Starting BookManagementApiApplication using Java 23 with PID 3648 (G:\veloriz\book management system\book-management\target\classes started by HP in G:\veloriz\book management system\book-management)
2025-01-17T01:29:05.289+05:30  INFO 3648 --- [BookManagementAPI] [main] c.e.b.BookManagementApiApplication       : No active profile set, falling back to 1 default profile: "default"
2025-01-17T01:29:08.356+05:30  INFO 3648 --- [BookManagementAPI] [main] .s.d.r.c.RepositoryConfigurationDelegate : Bootstrapping Spring Data MongoDB repositories in DEFAULT mode.
2025-01-17T01:29:08.492+05:30  INFO 3648 --- [BookManagementAPI] [main] .s.d.r.c.RepositoryConfigurationDelegate : Finished Spring Data repository scanning in 119 ms. Found 1 MongoDB repository interface.
2025-01-17T01:29:10.156+05:30  INFO 3648 --- [BookManagementAPI] [main] o.s.b.w.embedded.tomcat.TomcatWebServer  : Tomcat initialized with port 8081 (http)
2025-01-17T01:29:10.187+05:30  INFO 3648 --- [BookManagementAPI] [main] o.apache.catalina.core.StandardService   : Starting service [Tomcat]
2025-01-17T01:29:10.187+05:30  INFO 3648 --- [BookManagementAPI] [main] o.apache.catalina.core.StandardEngine    : Starting Servlet engine: [Apache Tomcat/10.1.34]
2025-01-17T01:29:10.500+05:30  INFO 3648 --- [BookManagementAPI] [main] o.a.c.c.C.[Tomcat].[localhost].[/]       : Initializing Spring embedded WebApplicationContext
2025-01-17T01:29:10.503+05:30  INFO 3648 --- [BookManagementAPI] [main] w.s.c.ServletWebServerApplicationContext : Root WebApplicationContext: initialization completed in 4833 ms
2025-01-17T01:29:11.493+05:30  INFO 3648 --- [BookManagementAPI] [main] org.mongodb.driver.client                : MongoClient with metadata {"driver": {"name": "mongo-java-driver|sync|spring-boot", "version": "5.2.1"}, "os": {"type": "Windows", "name": "Windows 10", "architecture": "amd64", "version": "10.0"}, "platform": "Java/Oracle Corporation/23+37-2369"} created with settings MongoClientSettings{readPreference=primary, writeConcern=WriteConcern{w=majority, wTimeout=null ms, journal=null}, retryWrites=true, retryReads=true, readConcern=ReadConcern{level=null}, credential=MongoCredential{mechanism=null, userName='jhojhonika', source='admin', password=<hidden>, mechanismProperties=<hidden>}, transportSettings=null, commandListeners=[], codecRegistry=ProvidersCodecRegistry{codecProviders=[ValueCodecProvider{}, BsonValueCodecProvider{}, DBRefCodecProvider{}, DBObjectCodecProvider{}, DocumentCodecProvider{}, CollectionCodecProvider{}, IterableCodecProvider{}, MapCodecProvider{}, GeoJsonCodecProvider{}, GridFSFileCodecProvider{}, Jsr310CodecProvider{}, JsonObjectCodecProvider{}, BsonCodecProvider{}, EnumCodecProvider{}, com.mongodb.client.model.mql.ExpressionCodecProvider@5a936e64, com.mongodb.Jep395RecordCodecProvider@3b4a1a75, com.mongodb.KotlinCodecProvider@65bad087]}, loggerSettings=LoggerSettings{maxDocumentLength=1000}, clusterSettings={hosts=[127.0.0.1:27017], srvHost=bookappcluster.ngexk.mongodb.net, srvServiceName=mongodb, mode=MULTIPLE, requiredClusterType=REPLICA_SET, requiredReplicaSetName='atlas-sa64zi-shard-0', serverSelector='null', clusterListeners='[]', serverSelectionTimeout='30000 ms', localThreshold='15 ms'}, socketSettings=SocketSettings{connectTimeoutMS=10000, readTimeoutMS=0, receiveBufferSize=0, proxySettings=ProxySettings{host=null, port=null, username=null, password=null}}, heartbeatSocketSettings=SocketSettings{connectTimeoutMS=10000, readTimeoutMS=10000, receiveBufferSize=0, proxySettings=ProxySettings{host=null, port=null, username=null, password=null}}, connectionPoolSettings=ConnectionPoolSettings{maxSize=100, minSize=0, maxWaitTimeMS=120000, maxConnectionLifeTimeMS=0, maxConnectionIdleTimeMS=0, maintenanceInitialDelayMS=0, maintenanceFrequencyMS=60000, connectionPoolListeners=[], maxConnecting=2}, serverSettings=ServerSettings{heartbeatFrequencyMS=10000, minHeartbeatFrequencyMS=500, serverMonitoringMode=AUTO, serverListeners='[]', serverMonitorListeners='[]'}, sslSettings=SslSettings{enabled=true, invalidHostNameAllowed=false, context=null}, applicationName='null', compressorList=[], uuidRepresentation=JAVA_LEGACY, serverApi=null, autoEncryptionSettings=null, dnsClient=null, inetAddressResolver=null, contextProvider=null, timeoutMS=null}
2025-01-17T01:29:11.742+05:30  INFO 3648 --- [BookManagementAPI] [cluster-ClusterId{value='6789650f436a76646b0c4778', description='null'}-srv-bookappcluster.ngexk.mongodb.net] org.mongodb.driver.cluster               : Adding discovered server bookappcluster-shard-00-00.ngexk.mongodb.net:27017 to client view of cluster
2025-01-17T01:29:11.825+05:30  INFO 3648 --- [BookManagementAPI] [cluster-ClusterId{value='6789650f436a76646b0c4778', description='null'}-srv-bookappcluster.ngexk.mongodb.net] org.mongodb.driver.cluster               : Adding discovered server bookappcluster-shard-00-02.ngexk.mongodb.net:27017 to client view of cluster
2025-01-17T01:29:11.834+05:30  INFO 3648 --- [BookManagementAPI] [cluster-ClusterId{value='6789650f436a76646b0c4778', description='null'}-srv-bookappcluster.ngexk.mongodb.net] org.mongodb.driver.cluster               : Adding discovered server bookappcluster-shard-00-01.ngexk.mongodb.net:27017 to client view of cluster
2025-01-17T01:29:13.846+05:30  INFO 3648 --- [BookManagementAPI] [cluster-ClusterId{value='6789650f436a76646b0c4778', description='null'}-bookappcluster-shard-00-02.ngexk.mongodb.net:27017] org.mongodb.driver.cluster               : Monitor thread successfully connected to server with description ServerDescription{address=bookappcluster-shard-00-02.ngexk.mongodb.net:27017, type=REPLICA_SET_SECONDARY, cryptd=false, state=CONNECTED, ok=true, minWireVersion=0, maxWireVersion=25, maxDocumentSize=16777216, logicalSessionTimeoutMinutes=30, roundTripTimeNanos=1035075800, minRoundTripTimeNanos=0, setName='atlas-sa64zi-shard-0', canonicalAddress=bookappcluster-shard-00-02.ngexk.mongodb.net:27017, hosts=[bookappcluster-shard-00-02.ngexk.mongodb.net:27017, bookappcluster-shard-00-01.ngexk.mongodb.net:27017, bookappcluster-shard-00-00.ngexk.mongodb.net:27017], passives=[], arbiters=[], primary='bookappcluster-shard-00-01.ngexk.mongodb.net:27017', tagSet=TagSet{[Tag{name='availabilityZone', value='aps1-az2'}, Tag{name='diskState', value='READY'}, Tag{name='nodeType', value='ELECTABLE'}, Tag{name='provider', value='AWS'}, Tag{name='region', value='AP_SOUTH_1'}, Tag{name='workloadType', value='OPERATIONAL'}]}, electionId=null, setVersion=205, topologyVersion=TopologyVersion{processId=67869749ecf4aa0154908b4b, counter=3}, lastWriteDate=Fri Jan 17 01:29:14 IST 2025, lastUpdateTimeNanos=3881774804400}
2025-01-17T01:29:13.847+05:30  INFO 3648 --- [BookManagementAPI] [cluster-ClusterId{value='6789650f436a76646b0c4778', description='null'}-bookappcluster-shard-00-00.ngexk.mongodb.net:27017] org.mongodb.driver.cluster               : Monitor thread successfully connected to server with description ServerDescription{address=bookappcluster-shard-00-00.ngexk.mongodb.net:27017, type=REPLICA_SET_SECONDARY, cryptd=false, state=CONNECTED, ok=true, minWireVersion=0, maxWireVersion=25, maxDocumentSize=16777216, logicalSessionTimeoutMinutes=30, roundTripTimeNanos=1060371300, minRoundTripTimeNanos=0, setName='atlas-sa64zi-shard-0', canonicalAddress=bookappcluster-shard-00-00.ngexk.mongodb.net:27017, hosts=[bookappcluster-shard-00-02.ngexk.mongodb.net:27017, bookappcluster-shard-00-01.ngexk.mongodb.net:27017, bookappcluster-shard-00-00.ngexk.mongodb.net:27017], passives=[], arbiters=[], primary='bookappcluster-shard-00-01.ngexk.mongodb.net:27017', tagSet=TagSet{[Tag{name='availabilityZone', value='aps1-az1'}, Tag{name='diskState', value='READY'}, Tag{name='nodeType', value='ELECTABLE'}, Tag{name='provider', value='AWS'}, Tag{name='region', value='AP_SOUTH_1'}, Tag{name='workloadType', value='OPERATIONAL'}]}, electionId=null, setVersion=205, topologyVersion=TopologyVersion{processId=678695d78b748a07d9798ba4, counter=4}, lastWriteDate=Fri Jan 17 01:29:14 IST 2025, lastUpdateTimeNanos=3881772513900}
2025-01-17T01:29:13.849+05:30  INFO 3648 --- [BookManagementAPI] [cluster-ClusterId{value='6789650f436a76646b0c4778', description='null'}-bookappcluster-shard-00-01.ngexk.mongodb.net:27017] org.mongodb.driver.cluster               : Monitor thread successfully connected to server with description ServerDescription{address=bookappcluster-shard-00-01.ngexk.mongodb.net:27017, type=REPLICA_SET_PRIMARY, cryptd=false, state=CONNECTED, ok=true, minWireVersion=0, maxWireVersion=25, maxDocumentSize=16777216, logicalSessionTimeoutMinutes=30, roundTripTimeNanos=1037400000, minRoundTripTimeNanos=0, setName='atlas-sa64zi-shard-0', canonicalAddress=bookappcluster-shard-00-01.ngexk.mongodb.net:27017, hosts=[bookappcluster-shard-00-02.ngexk.mongodb.net:27017, bookappcluster-shard-00-01.ngexk.mongodb.net:27017, bookappcluster-shard-00-00.ngexk.mongodb.net:27017], passives=[], arbiters=[], primary='bookappcluster-shard-00-01.ngexk.mongodb.net:27017', tagSet=TagSet{[Tag{name='availabilityZone', value='aps1-az3'}, Tag{name='diskState', value='READY'}, Tag{name='nodeType', value='ELECTABLE'}, Tag{name='provider', value='AWS'}, Tag{name='region', value='AP_SOUTH_1'}, Tag{name='workloadType', value='OPERATIONAL'}]}, electionId=7fffffff000000000000024e, setVersion=205, topologyVersion=TopologyVersion{processId=678694d3cef6f62e08dbf6d1, counter=6}, lastWriteDate=Fri Jan 17 01:29:14 IST 2025, lastUpdateTimeNanos=3881771773800}
2025-01-17T01:29:13.858+05:30  INFO 3648 --- [BookManagementAPI] [cluster-ClusterId{value='6789650f436a76646b0c4778', description='null'}-bookappcluster-shard-00-01.ngexk.mongodb.net:27017] org.mongodb.driver.cluster               : Discovered replica set primary bookappcluster-shard-00-01.ngexk.mongodb.net:27017 with max election id 7fffffff000000000000024e and max set version 205
2025-01-17T01:29:14.322+05:30  INFO 3648 --- [BookManagementAPI] [main] o.s.b.w.embedded.tomcat.TomcatWebServer  : Tomcat started on port 8081 (http) with context path '/'
2025-01-17T01:29:14.338+05:30  INFO 3648 --- [BookManagementAPI] [main] c.e.b.BookManagementApiApplication       : Started BookManagementApiApplication in 10.971 seconds (process running for 12.843)
2025-01-17T01:29:32.769+05:30  INFO 3648 --- [BookManagementAPI] [http-nio-8081-exec-1] o.a.c.c.C.[Tomcat].[localhost].[/]       : Initializing Spring DispatcherServlet 'dispatcherServlet'
2025-01-17T01:29:32.770+05:30  INFO 3648 --- [BookManagementAPI] [http-nio-8081-exec-1] o.s.web.servlet.DispatcherServlet        : Initializing Servlet 'dispatcherServlet'
2025-01-17T01:29:32.772+05:30  INFO 3648 --- [BookManagementAPI] [http-nio-8081-exec-1] o.s.web.servlet.DispatcherServlet        : Completed initialization in 2 ms
2025-01-17T01:29:33.034+05:30  WARN 3648 --- [BookManagementAPI] [http-nio-8081-exec-1] .w.s.m.s.DefaultHandlerExceptionResolver : Resolved [org.springframework.web.HttpMediaTypeNotSupportedException: Content-Type 'multipart/form-data;boundary=----WebKitFormBoundaryDldGcitfAc4q1Amf;charset=UTF-8' is not supported]
2025-01-17T01:31:06.649+05:30  WARN 3648 --- [BookManagementAPI] [http-nio-8081-exec-3] .w.s.m.s.DefaultHandlerExceptionResolver : Resolved [org.springframework.web.HttpMediaTypeNotSupportedException: Content-Type 'multipart/form-data;boundary=----WebKitFormBoundarycfmbMWRHT6CxiYad;charset=UTF-8' is not supported]
2025-01-17T01:34:03.721+05:30 DEBUG 3648 --- [BookManagementAPI] [http-nio-8081-exec-6] o.s.data.mongodb.core.MongoTemplate      : findAndModify using query: { "_id" : "book_sequence"} fields: Document{{}} sort: null for class: class com.example.book_management.model.DatabaseSequence and update: { "$inc" : { "seq" : 1}} in collection: database_sequences
2025-01-17T01:34:05.528+05:30 DEBUG 3648 --- [BookManagementAPI] [http-nio-8081-exec-6] o.s.data.mongodb.core.MongoTemplate      : Saving Document containing fields: [_id, title, author, publicationDate, isbn, genre, rating, _class]
2025-01-17T02:24:36.177+05:30 DEBUG 3648 --- [BookManagementAPI] [http-nio-8081-exec-8] o.s.data.mongodb.core.MongoTemplate      : find using query: {} fields: Document{{}} sort: null for class: class com.example.book_management.model.Book in collection: books
2025-01-17T02:24:36.430+05:30 DEBUG 3648 --- [BookManagementAPI] [http-nio-8081-exec-1] o.s.data.mongodb.core.MongoTemplate      : find using query: {} fields: Document{{}} sort: null for class: class com.example.book_management.model.Book in collection: books
2025-01-17T02:29:35.114+05:30 DEBUG 3648 --- [BookManagementAPI] [http-nio-8081-exec-4] o.s.data.mongodb.core.MongoTemplate      : find using query: {} fields: Document{{}} sort: null for class: class com.example.book_management.model.Book in collection: books
2025-01-17T02:29:35.230+05:30 DEBUG 3648 --- [BookManagementAPI] [http-nio-8081-exec-5] o.s.data.mongodb.core.MongoTemplate      : find using query: {} fields: Document{{}} sort: null for class: class com.example.book_management.model.Book in collection: books
2025-01-17T02:29:36.106+05:30 DEBUG 3648 --- [BookManagementAPI] [http-nio-8081-exec-6] o.s.data.mongodb.core.MongoTemplate      : find using query: {} fields: Document{{}} sort: null for class: class com.example.book_management.model.Book in collection: books
2025-01-17T02:29:36.250+05:30 DEBUG 3648 --- [BookManagementAPI] [http-nio-8081-exec-5] o.s.data.mongodb.core.MongoTemplate      : find using query: {} fields: Document{{}} sort: null for class: class com.example.book_management.model.Book in collection: books
2025-01-17T02:36:37.152+05:30 DEBUG 3648 --- [BookManagementAPI] [http-nio-8081-exec-4] o.s.data.mongodb.core.MongoTemplate      : find using query: {} fields: Document{{}} sort: null for class: class com.example.book_management.model.Book in collection: books
2025-01-17T02:36:38.192+05:30 DEBUG 3648 --- [BookManagementAPI] [http-nio-8081-exec-7] o.s.data.mongodb.core.MongoTemplate      : find using query: {} fields: Document{{}} sort: null for class: class com.example.book_management.model.Book in collection: books
2025-01-17T02:36:52.047+05:30 DEBUG 3648 --- [BookManagementAPI] [http-nio-8081-exec-2] o.s.data.mongodb.core.MongoTemplate      : find using query: {} fields: Document{{}} sort: null for class: class com.example.book_management.model.Book in collection: books
2025-01-17T02:36:52.165+05:30 DEBUG 3648 --- [BookManagementAPI] [http-nio-8081-exec-9] o.s.data.mongodb.core.MongoTemplate      : find using query: {} fields: Document{{}} sort: null for class: class com.example.book_management.model.Book in collection: books
2025-01-17T02:37:38.446+05:30 DEBUG 3648 --- [BookManagementAPI] [http-nio-8081-exec-4] o.s.data.mongodb.core.MongoTemplate      : find using query: {} fields: Document{{}} sort: null for class: class com.example.book_management.model.Book in collection: books
2025-01-17T02:37:38.575+05:30 DEBUG 3648 --- [BookManagementAPI] [http-nio-8081-exec-6] o.s.data.mongodb.core.MongoTemplate      : find using query: {} fields: Document{{}} sort: null for class: class com.example.book_management.model.Book in collection: books
2025-01-17T02:38:12.133+05:30 DEBUG 3648 --- [BookManagementAPI] [http-nio-8081-exec-2] o.s.data.mongodb.core.MongoTemplate      : find using query: {} fields: Document{{}} sort: null for class: class com.example.book_management.model.Book in collection: books
2025-01-17T02:38:42.119+05:30 DEBUG 3648 --- [BookManagementAPI] [http-nio-8081-exec-9] o.s.data.mongodb.core.MongoTemplate      : find using query: {} fields: Document{{}} sort: null for class: class com.example.book_management.model.Book in collection: books
2025-01-17T02:40:54.122+05:30 DEBUG 3648 --- [BookManagementAPI] [http-nio-8081-exec-3] o.s.data.mongodb.core.MongoTemplate      : find using query: {} fields: Document{{}} sort: null for class: class com.example.book_management.model.Book in collection: books
2025-01-17T02:40:54.240+05:30 DEBUG 3648 --- [BookManagementAPI] [http-nio-8081-exec-10] o.s.data.mongodb.core.MongoTemplate      : find using query: {} fields: Document{{}} sort: null for class: class com.example.book_management.model.Book in collection: books
2025-01-17T02:42:21.087+05:30 DEBUG 3648 --- [BookManagementAPI] [http-nio-8081-exec-4] o.s.data.mongodb.core.MongoTemplate      : find using query: {} fields: Document{{}} sort: null for class: class com.example.book_management.model.Book in collection: books
2025-01-17T02:42:22.084+05:30 DEBUG 3648 --- [BookManagementAPI] [http-nio-8081-exec-5] o.s.data.mongodb.core.MongoTemplate      : find using query: {} fields: Document{{}} sort: null for class: class com.example.book_management.model.Book in collection: books
2025-01-17T02:43:49.090+05:30 DEBUG 3648 --- [BookManagementAPI] [http-nio-8081-exec-10] o.s.data.mongodb.core.MongoTemplate      : find using query: {} fields: Document{{}} sort: null for class: class com.example.book_management.model.Book in collection: books
2025-01-17T02:43:55.091+05:30 DEBUG 3648 --- [BookManagementAPI] [http-nio-8081-exec-2] o.s.data.mongodb.core.MongoTemplate      : find using query: {} fields: Document{{}} sort: null for class: class com.example.book_management.model.Book in collection: books
2025-01-17T02:44:03.101+05:30 DEBUG 3648 --- [BookManagementAPI] [http-nio-8081-exec-3] o.s.data.mongodb.core.MongoTemplate      : find using query: {} fields: Document{{}} sort: null for class: class com.example.book_management.model.Book in collection: books
2025-01-17T02:44:40.118+05:30 DEBUG 3648 --- [BookManagementAPI] [http-nio-8081-exec-2] o.s.data.mongodb.core.MongoTemplate      : find using query: {} fields: Document{{}} sort: null for class: class com.example.book_management.model.Book in collection: books
2025-01-17T02:44:50.111+05:30 DEBUG 3648 --- [BookManagementAPI] [http-nio-8081-exec-4] o.s.data.mongodb.core.MongoTemplate      : find using query: {} fields: Document{{}} sort: null for class: class com.example.book_management.model.Book in collection: books
2025-01-17T02:45:30.913+05:30 DEBUG 3648 --- [BookManagementAPI] [http-nio-8081-exec-9] o.s.data.mongodb.core.MongoTemplate      : find using query: {} fields: Document{{}} sort: null for class: class com.example.book_management.model.Book in collection: books
2025-01-17T02:45:31.065+05:30 DEBUG 3648 --- [BookManagementAPI] [http-nio-8081-exec-1] o.s.data.mongodb.core.MongoTemplate      : find using query: {} fields: Document{{}} sort: null for class: class com.example.book_management.model.Book in collection: books
2025-01-17T02:45:40.893+05:30 DEBUG 3648 --- [BookManagementAPI] [http-nio-8081-exec-6] o.s.data.mongodb.core.MongoTemplate      : find using query: {} fields: Document{{}} sort: null for class: class com.example.book_management.model.Book in collection: books
2025-01-17T02:45:41.084+05:30 DEBUG 3648 --- [BookManagementAPI] [http-nio-8081-exec-10] o.s.data.mongodb.core.MongoTemplate      : find using query: {} fields: Document{{}} sort: null for class: class com.example.book_management.model.Book in collection: books
2025-01-17T02:58:41.089+05:30 DEBUG 3648 --- [BookManagementAPI] [http-nio-8081-exec-4] o.s.data.mongodb.core.MongoTemplate      : find using query: {} fields: Document{{}} sort: null for class: class com.example.book_management.model.Book in collection: books
2025-01-17T02:58:41.214+05:30 DEBUG 3648 --- [BookManagementAPI] [http-nio-8081-exec-8] o.s.data.mongodb.core.MongoTemplate      : find using query: {} fields: Document{{}} sort: null for class: class com.example.book_management.model.Book in collection: books
2025-01-17T03:01:52.080+05:30 DEBUG 3648 --- [BookManagementAPI] [http-nio-8081-exec-6] o.s.data.mongodb.core.MongoTemplate      : find using query: {} fields: Document{{}} sort: null for class: class com.example.book_management.model.Book in collection: books
2025-01-17T03:01:53.081+05:30 DEBUG 3648 --- [BookManagementAPI] [http-nio-8081-exec-2] o.s.data.mongodb.core.MongoTemplate      : find using query: {} fields: Document{{}} sort: null for class: class com.example.book_management.model.Book in collection: books
2025-01-17T03:03:05.087+05:30 DEBUG 3648 --- [BookManagementAPI] [http-nio-8081-exec-4] o.s.data.mongodb.core.MongoTemplate      : find using query: {} fields: Document{{}} sort: null for class: class com.example.book_management.model.Book in collection: books
2025-01-17T03:03:06.091+05:30 DEBUG 3648 --- [BookManagementAPI] [http-nio-8081-exec-5] o.s.data.mongodb.core.MongoTemplate      : find using query: {} fields: Document{{}} sort: null for class: class com.example.book_management.model.Book in collection: books
2025-01-17T03:03:20.231+05:30 DEBUG 3648 --- [BookManagementAPI] [http-nio-8081-exec-10] o.s.data.mongodb.core.MongoTemplate      : find using query: {} fields: Document{{}} sort: null for class: class com.example.book_management.model.Book in collection: books
2025-01-17T03:03:20.345+05:30 DEBUG 3648 --- [BookManagementAPI] [http-nio-8081-exec-2] o.s.data.mongodb.core.MongoTemplate      : find using query: {} fields: Document{{}} sort: null for class: class com.example.book_management.model.Book in collection: books
2025-01-17T03:03:40.768+05:30 DEBUG 3648 --- [BookManagementAPI] [http-nio-8081-exec-1] o.s.data.mongodb.core.MongoTemplate      : find using query: {} fields: Document{{}} sort: null for class: class com.example.book_management.model.Book in collection: books
2025-01-17T03:03:40.877+05:30 DEBUG 3648 --- [BookManagementAPI] [http-nio-8081-exec-4] o.s.data.mongodb.core.MongoTemplate      : find using query: {} fields: Document{{}} sort: null for class: class com.example.book_management.model.Book in collection: books
2025-01-17T03:04:00.082+05:30 DEBUG 3648 --- [BookManagementAPI] [http-nio-8081-exec-7] o.s.data.mongodb.core.MongoTemplate      : find using query: {} fields: Document{{}} sort: null for class: class com.example.book_management.model.Book in collection: books
2025-01-17T03:04:04.108+05:30 DEBUG 3648 --- [BookManagementAPI] [http-nio-8081-exec-6] o.s.data.mongodb.core.MongoTemplate      : find using query: {} fields: Document{{}} sort: null for class: class com.example.book_management.model.Book in collection: books
2025-01-17T03:04:23.099+05:30 DEBUG 3648 --- [BookManagementAPI] [http-nio-8081-exec-10] o.s.data.mongodb.core.MongoTemplate      : find using query: {} fields: Document{{}} sort: null for class: class com.example.book_management.model.Book in collection: books
2025-01-17T03:04:34.286+05:30 DEBUG 3648 --- [BookManagementAPI] [http-nio-8081-exec-9] o.s.data.mongodb.core.MongoTemplate      : find using query: {} fields: Document{{}} sort: null for class: class com.example.book_management.model.Book in collection: books
2025-01-17T03:04:34.399+05:30 DEBUG 3648 --- [BookManagementAPI] [http-nio-8081-exec-4] o.s.data.mongodb.core.MongoTemplate      : find using query: {} fields: Document{{}} sort: null for class: class com.example.book_management.model.Book in collection: books
2025-01-17T03:04:37.696+05:30 DEBUG 3648 --- [BookManagementAPI] [http-nio-8081-exec-5] o.s.data.mongodb.core.MongoTemplate      : find using query: {} fields: Document{{}} sort: null for class: class com.example.book_management.model.Book in collection: books
2025-01-17T03:04:37.818+05:30 DEBUG 3648 --- [BookManagementAPI] [http-nio-8081-exec-6] o.s.data.mongodb.core.MongoTemplate      : find using query: {} fields: Document{{}} sort: null for class: class com.example.book_management.model.Book in collection: books
2025-01-17T03:04:40.565+05:30 DEBUG 3648 --- [BookManagementAPI] [http-nio-8081-exec-2] o.s.data.mongodb.core.MongoTemplate      : find using query: {} fields: Document{{}} sort: null for class: class com.example.book_management.model.Book in collection: books
2025-01-17T03:04:40.672+05:30 DEBUG 3648 --- [BookManagementAPI] [http-nio-8081-exec-1] o.s.data.mongodb.core.MongoTemplate      : find using query: {} fields: Document{{}} sort: null for class: class com.example.book_management.model.Book in collection: books
2025-01-17T03:04:44.664+05:30 DEBUG 3648 --- [BookManagementAPI] [http-nio-8081-exec-9] o.s.data.mongodb.core.MongoTemplate      : find using query: {} fields: Document{{}} sort: null for class: class com.example.book_management.model.Book in collection: books
2025-01-17T03:04:44.770+05:30 DEBUG 3648 --- [BookManagementAPI] [http-nio-8081-exec-3] o.s.data.mongodb.core.MongoTemplate      : find using query: {} fields: Document{{}} sort: null for class: class com.example.book_management.model.Book in collection: books
2025-01-17T03:04:48.162+05:30 DEBUG 3648 --- [BookManagementAPI] [http-nio-8081-exec-9] o.s.data.mongodb.core.MongoTemplate      : find using query: {} fields: Document{{}} sort: null for class: class com.example.book_management.model.Book in collection: books
2025-01-17T03:04:48.275+05:30 DEBUG 3648 --- [BookManagementAPI] [http-nio-8081-exec-1] o.s.data.mongodb.core.MongoTemplate      : find using query: {} fields: Document{{}} sort: null for class: class com.example.book_management.model.Book in collection: books
2025-01-17T03:05:22.925+05:30 DEBUG 3648 --- [BookManagementAPI] [http-nio-8081-exec-6] o.s.data.mongodb.core.MongoTemplate      : find using query: {} fields: Document{{}} sort: null for class: class com.example.book_management.model.Book in collection: books
2025-01-17T03:05:23.026+05:30 DEBUG 3648 --- [BookManagementAPI] [http-nio-8081-exec-8] o.s.data.mongodb.core.MongoTemplate      : find using query: {} fields: Document{{}} sort: null for class: class com.example.book_management.model.Book in collection: books
2025-01-17T03:06:00.958+05:30 DEBUG 3648 --- [BookManagementAPI] [http-nio-8081-exec-9] o.s.data.mongodb.core.MongoTemplate      : find using query: {} fields: Document{{}} sort: null for class: class com.example.book_management.model.Book in collection: books
2025-01-17T03:06:02.300+05:30 DEBUG 3648 --- [BookManagementAPI] [http-nio-8081-exec-8] o.s.data.mongodb.core.MongoTemplate      : find using query: {} fields: Document{{}} sort: null for class: class com.example.book_management.model.Book in collection: books
2025-01-17T03:06:55.804+05:30 DEBUG 3648 --- [BookManagementAPI] [http-nio-8081-exec-10] o.s.data.mongodb.core.MongoTemplate      : find using query: {} fields: Document{{}} sort: null for class: class com.example.book_management.model.Book in collection: books
2025-01-17T03:06:55.908+05:30 DEBUG 3648 --- [BookManagementAPI] [http-nio-8081-exec-1] o.s.data.mongodb.core.MongoTemplate      : find using query: {} fields: Document{{}} sort: null for class: class com.example.book_management.model.Book in collection: books
2025-01-17T03:08:18.084+05:30 DEBUG 3648 --- [BookManagementAPI] [http-nio-8081-exec-2] o.s.data.mongodb.core.MongoTemplate      : find using query: {} fields: Document{{}} sort: null for class: class com.example.book_management.model.Book in collection: books
2025-01-17T03:08:34.082+05:30 DEBUG 3648 --- [BookManagementAPI] [http-nio-8081-exec-9] o.s.data.mongodb.core.MongoTemplate      : find using query: {} fields: Document{{}} sort: null for class: class com.example.book_management.model.Book in collection: books
2025-01-17T03:13:12.078+05:30 DEBUG 3648 --- [BookManagementAPI] [http-nio-8081-exec-10] o.s.data.mongodb.core.MongoTemplate      : find using query: {} fields: Document{{}} sort: null for class: class com.example.book_management.model.Book in collection: books
2025-01-17T03:14:28.102+05:30 DEBUG 3648 --- [BookManagementAPI] [http-nio-8081-exec-6] o.s.data.mongodb.core.MongoTemplate      : find using query: {} fields: Document{{}} sort: null for class: class com.example.book_management.model.Book in collection: books
2025-01-17T03:14:35.091+05:30 DEBUG 3648 --- [BookManagementAPI] [http-nio-8081-exec-8] o.s.data.mongodb.core.MongoTemplate      : find using query: {} fields: Document{{}} sort: null for class: class com.example.book_management.model.Book in collection: books
2025-01-17T03:15:04.081+05:30 DEBUG 3648 --- [BookManagementAPI] [http-nio-8081-exec-5] o.s.data.mongodb.core.MongoTemplate      : find using query: {} fields: Document{{}} sort: null for class: class com.example.book_management.model.Book in collection: books
2025-01-17T03:15:05.089+05:30 DEBUG 3648 --- [BookManagementAPI] [http-nio-8081-exec-1] o.s.data.mongodb.core.MongoTemplate      : find using query: {} fields: Document{{}} sort: null for class: class com.example.book_management.model.Book in collection: books
2025-01-17T03:15:10.084+05:30 DEBUG 3648 --- [BookManagementAPI] [http-nio-8081-exec-7] o.s.data.mongodb.core.MongoTemplate      : find using query: {} fields: Document{{}} sort: null for class: class com.example.book_management.model.Book in collection: books
2025-01-17T03:16:04.920+05:30 DEBUG 3648 --- [BookManagementAPI] [http-nio-8081-exec-2] o.s.data.mongodb.core.MongoTemplate      : find using query: {} fields: Document{{}} sort: null for class: class com.example.book_management.model.Book in collection: books
2025-01-17T03:16:05.065+05:30 DEBUG 3648 --- [BookManagementAPI] [http-nio-8081-exec-8] o.s.data.mongodb.core.MongoTemplate      : find using query: {} fields: Document{{}} sort: null for class: class com.example.book_management.model.Book in collection: books
2025-01-17T03:16:06.437+05:30 DEBUG 3648 --- [BookManagementAPI] [http-nio-8081-exec-3] o.s.data.mongodb.core.MongoTemplate      : find using query: {} fields: Document{{}} sort: null for class: class com.example.book_management.model.Book in collection: books
2025-01-17T03:16:06.541+05:30 DEBUG 3648 --- [BookManagementAPI] [http-nio-8081-exec-1] o.s.data.mongodb.core.MongoTemplate      : find using query: {} fields: Document{{}} sort: null for class: class com.example.book_management.model.Book in collection: books
2025-01-17T03:17:09.090+05:30 DEBUG 3648 --- [BookManagementAPI] [http-nio-8081-exec-6] o.s.data.mongodb.core.MongoTemplate      : find using query: {} fields: Document{{}} sort: null for class: class com.example.book_management.model.Book in collection: books
2025-01-17T03:17:09.208+05:30 DEBUG 3648 --- [BookManagementAPI] [http-nio-8081-exec-8] o.s.data.mongodb.core.MongoTemplate      : find using query: {} fields: Document{{}} sort: null for class: class com.example.book_management.model.Book in collection: books
2025-01-17T03:19:54.835+05:30 DEBUG 3648 --- [BookManagementAPI] [http-nio-8081-exec-3] o.s.data.mongodb.core.MongoTemplate      : find using query: {} fields: Document{{}} sort: null for class: class com.example.book_management.model.Book in collection: books
2025-01-17T03:19:54.947+05:30 DEBUG 3648 --- [BookManagementAPI] [http-nio-8081-exec-4] o.s.data.mongodb.core.MongoTemplate      : find using query: {} fields: Document{{}} sort: null for class: class com.example.book_management.model.Book in collection: books
2025-01-17T03:20:41.158+05:30 DEBUG 3648 --- [BookManagementAPI] [http-nio-8081-exec-9] o.s.data.mongodb.core.MongoTemplate      : find using query: {} fields: Document{{}} sort: null for class: class com.example.book_management.model.Book in collection: books
2025-01-17T03:20:41.263+05:30 DEBUG 3648 --- [BookManagementAPI] [http-nio-8081-exec-8] o.s.data.mongodb.core.MongoTemplate      : find using query: {} fields: Document{{}} sort: null for class: class com.example.book_management.model.Book in collection: books
2025-01-17T03:25:20.287+05:30  INFO 3648 --- [BookManagementAPI] [cluster-ClusterId{value='6789650f436a76646b0c4778', description='null'}-bookappcluster-shard-00-01.ngexk.mongodb.net:27017] org.mongodb.driver.cluster               : Exception in monitor thread while connecting to server bookappcluster-shard-00-01.ngexk.mongodb.net:27017

com.mongodb.MongoSocketReadTimeoutException: Timeout while receiving message
	at com.mongodb.internal.connection.InternalStreamConnection.createReadTimeoutException(InternalStreamConnection.java:824) ~[mongodb-driver-core-5.2.1.jar:na]
	at com.mongodb.internal.connection.InternalStreamConnection.translateReadException(InternalStreamConnection.java:812) ~[mongodb-driver-core-5.2.1.jar:na]
	at com.mongodb.internal.connection.InternalStreamConnection.receiveResponseBuffers(InternalStreamConnection.java:862) ~[mongodb-driver-core-5.2.1.jar:na]
	at com.mongodb.internal.connection.InternalStreamConnection.receiveCommandMessageResponse(InternalStreamConnection.java:517) ~[mongodb-driver-core-5.2.1.jar:na]
	at com.mongodb.internal.connection.InternalStreamConnection.receive(InternalStreamConnection.java:469) ~[mongodb-driver-core-5.2.1.jar:na]
	at com.mongodb.internal.connection.DefaultServerMonitor$ServerMonitor.lookupServerDescription(DefaultServerMonitor.java:249) ~[mongodb-driver-core-5.2.1.jar:na]
	at com.mongodb.internal.connection.DefaultServerMonitor$ServerMonitor.run(DefaultServerMonitor.java:176) ~[mongodb-driver-core-5.2.1.jar:na]
Caused by: java.net.SocketTimeoutException: Read timed out
	at java.base/sun.nio.ch.NioSocketImpl.timedRead(NioSocketImpl.java:278) ~[na:na]
	at java.base/sun.nio.ch.NioSocketImpl.implRead(NioSocketImpl.java:304) ~[na:na]
	at java.base/sun.nio.ch.NioSocketImpl.read(NioSocketImpl.java:346) ~[na:na]
	at java.base/sun.nio.ch.NioSocketImpl$1.read(NioSocketImpl.java:796) ~[na:na]
	at java.base/java.net.Socket$SocketInputStream.implRead(Socket.java:1116) ~[na:na]
	at java.base/java.net.Socket$SocketInputStream.read(Socket.java:1103) ~[na:na]
	at java.base/sun.security.ssl.SSLSocketInputRecord.read(SSLSocketInputRecord.java:489) ~[na:na]
	at java.base/sun.security.ssl.SSLSocketInputRecord.readHeader(SSLSocketInputRecord.java:483) ~[na:na]
	at java.base/sun.security.ssl.SSLSocketInputRecord.bytesInCompletePacket(SSLSocketInputRecord.java:70) ~[na:na]
	at java.base/sun.security.ssl.SSLSocketImpl.readApplicationRecord(SSLSocketImpl.java:1462) ~[na:na]
	at java.base/sun.security.ssl.SSLSocketImpl$AppInputStream.read(SSLSocketImpl.java:1068) ~[na:na]
	at com.mongodb.internal.connection.SocketStream.read(SocketStream.java:182) ~[mongodb-driver-core-5.2.1.jar:na]
	at com.mongodb.internal.connection.InternalStreamConnection.receiveResponseBuffers(InternalStreamConnection.java:829) ~[mongodb-driver-core-5.2.1.jar:na]
	... 4 common frames omitted

2025-01-17T03:25:22.003+05:30  INFO 3648 --- [BookManagementAPI] [cluster-ClusterId{value='6789650f436a76646b0c4778', description='null'}-bookappcluster-shard-00-01.ngexk.mongodb.net:27017] org.mongodb.driver.cluster               : Monitor thread successfully connected to server with description ServerDescription{address=bookappcluster-shard-00-01.ngexk.mongodb.net:27017, type=REPLICA_SET_PRIMARY, cryptd=false, state=CONNECTED, ok=true, minWireVersion=0, maxWireVersion=25, maxDocumentSize=16777216, logicalSessionTimeoutMinutes=30, roundTripTimeNanos=273559400, minRoundTripTimeNanos=0, setName='atlas-sa64zi-shard-0', canonicalAddress=bookappcluster-shard-00-01.ngexk.mongodb.net:27017, hosts=[bookappcluster-shard-00-02.ngexk.mongodb.net:27017, bookappcluster-shard-00-01.ngexk.mongodb.net:27017, bookappcluster-shard-00-00.ngexk.mongodb.net:27017], passives=[], arbiters=[], primary='bookappcluster-shard-00-01.ngexk.mongodb.net:27017', tagSet=TagSet{[Tag{name='availabilityZone', value='aps1-az3'}, Tag{name='diskState', value='READY'}, Tag{name='nodeType', value='ELECTABLE'}, Tag{name='provider', value='AWS'}, Tag{name='region', value='AP_SOUTH_1'}, Tag{name='workloadType', value='OPERATIONAL'}]}, electionId=7fffffff000000000000024e, setVersion=205, topologyVersion=TopologyVersion{processId=678694d3cef6f62e08dbf6d1, counter=6}, lastWriteDate=Fri Jan 17 03:25:23 IST 2025, lastUpdateTimeNanos=10849944793900}
2025-01-17T03:25:22.003+05:30  INFO 3648 --- [BookManagementAPI] [cluster-ClusterId{value='6789650f436a76646b0c4778', description='null'}-bookappcluster-shard-00-01.ngexk.mongodb.net:27017] org.mongodb.driver.cluster               : Discovered replica set primary bookappcluster-shard-00-01.ngexk.mongodb.net:27017 with max election id 7fffffff000000000000024e and max set version 205
2025-01-17T03:28:00.453+05:30 DEBUG 3648 --- [BookManagementAPI] [http-nio-8081-exec-1] o.s.data.mongodb.core.MongoTemplate      : find using query: {} fields: Document{{}} sort: null for class: class com.example.book_management.model.Book in collection: books
2025-01-17T03:28:01.416+05:30 DEBUG 3648 --- [BookManagementAPI] [http-nio-8081-exec-4] o.s.data.mongodb.core.MongoTemplate      : find using query: {} fields: Document{{}} sort: null for class: class com.example.book_management.model.Book in collection: books
2025-01-17T03:28:57.316+05:30 DEBUG 3648 --- [BookManagementAPI] [http-nio-8081-exec-2] o.s.data.mongodb.core.MongoTemplate      : find using query: {} fields: Document{{}} sort: null for class: class com.example.book_management.model.Book in collection: books
2025-01-17T03:28:57.420+05:30 DEBUG 3648 --- [BookManagementAPI] [http-nio-8081-exec-8] o.s.data.mongodb.core.MongoTemplate      : find using query: {} fields: Document{{}} sort: null for class: class com.example.book_management.model.Book in collection: books
2025-01-17T03:29:04.126+05:30 DEBUG 3648 --- [BookManagementAPI] [http-nio-8081-exec-5] o.s.data.mongodb.core.MongoTemplate      : find using query: {} fields: Document{{}} sort: null for class: class com.example.book_management.model.Book in collection: books
2025-01-17T03:29:04.234+05:30 DEBUG 3648 --- [BookManagementAPI] [http-nio-8081-exec-3] o.s.data.mongodb.core.MongoTemplate      : find using query: {} fields: Document{{}} sort: null for class: class com.example.book_management.model.Book in collection: books
2025-01-17T03:29:09.650+05:30 DEBUG 3648 --- [BookManagementAPI] [http-nio-8081-exec-1] o.s.data.mongodb.core.MongoTemplate      : find using query: {} fields: Document{{}} sort: null for class: class com.example.book_management.model.Book in collection: books
2025-01-17T03:29:10.203+05:30 DEBUG 3648 --- [BookManagementAPI] [http-nio-8081-exec-9] o.s.data.mongodb.core.MongoTemplate      : find using query: {} fields: Document{{}} sort: null for class: class com.example.book_management.model.Book in collection: books
2025-01-17T03:30:53.803+05:30 DEBUG 3648 --- [BookManagementAPI] [http-nio-8081-exec-10] o.s.data.mongodb.core.MongoTemplate      : find using query: {} fields: Document{{}} sort: null for class: class com.example.book_management.model.Book in collection: books
2025-01-17T03:30:53.906+05:30 DEBUG 3648 --- [BookManagementAPI] [http-nio-8081-exec-3] o.s.data.mongodb.core.MongoTemplate      : find using query: {} fields: Document{{}} sort: null for class: class com.example.book_management.model.Book in collection: books
2025-01-17T03:31:10.258+05:30 DEBUG 3648 --- [BookManagementAPI] [http-nio-8081-exec-4] o.s.data.mongodb.core.MongoTemplate      : find using query: {} fields: Document{{}} sort: null for class: class com.example.book_management.model.Book in collection: books
2025-01-17T03:31:10.359+05:30 DEBUG 3648 --- [BookManagementAPI] [http-nio-8081-exec-9] o.s.data.mongodb.core.MongoTemplate      : find using query: {} fields: Document{{}} sort: null for class: class com.example.book_management.model.Book in collection: books
2025-01-17T03:32:18.199+05:30 DEBUG 3648 --- [BookManagementAPI] [http-nio-8081-exec-7] o.s.data.mongodb.core.MongoTemplate      : find using query: {} fields: Document{{}} sort: null for class: class com.example.book_management.model.Book in collection: books
2025-01-17T03:32:19.084+05:30 DEBUG 3648 --- [BookManagementAPI] [http-nio-8081-exec-10] o.s.data.mongodb.core.MongoTemplate      : find using query: {} fields: Document{{}} sort: null for class: class com.example.book_management.model.Book in collection: books
2025-01-17T03:32:23.109+05:30 DEBUG 3648 --- [BookManagementAPI] [http-nio-8081-exec-6] o.s.data.mongodb.core.MongoTemplate      : find using query: {} fields: Document{{}} sort: null for class: class com.example.book_management.model.Book in collection: books
2025-01-17T03:33:12.077+05:30 DEBUG 3648 --- [BookManagementAPI] [http-nio-8081-exec-4] o.s.data.mongodb.core.MongoTemplate      : find using query: {} fields: Document{{}} sort: null for class: class com.example.book_management.model.Book in collection: books
2025-01-17T03:33:14.810+05:30 DEBUG 3648 --- [BookManagementAPI] [http-nio-8081-exec-2] o.s.data.mongodb.core.MongoTemplate      : find using query: {} fields: Document{{}} sort: null for class: class com.example.book_management.model.Book in collection: books
2025-01-17T03:33:14.904+05:30 DEBUG 3648 --- [BookManagementAPI] [http-nio-8081-exec-7] o.s.data.mongodb.core.MongoTemplate      : find using query: {} fields: Document{{}} sort: null for class: class com.example.book_management.model.Book in collection: books
2025-01-17T03:35:34.082+05:30 DEBUG 3648 --- [BookManagementAPI] [http-nio-8081-exec-1] o.s.data.mongodb.core.MongoTemplate      : find using query: {} fields: Document{{}} sort: null for class: class com.example.book_management.model.Book in collection: books
2025-01-17T03:35:46.275+05:30 DEBUG 3648 --- [BookManagementAPI] [http-nio-8081-exec-9] o.s.data.mongodb.core.MongoTemplate      : find using query: {} fields: Document{{}} sort: null for class: class com.example.book_management.model.Book in collection: books
2025-01-17T03:35:46.403+05:30 DEBUG 3648 --- [BookManagementAPI] [http-nio-8081-exec-8] o.s.data.mongodb.core.MongoTemplate      : find using query: {} fields: Document{{}} sort: null for class: class com.example.book_management.model.Book in collection: books
2025-01-17T03:36:09.142+05:30 DEBUG 3648 --- [BookManagementAPI] [http-nio-8081-exec-7] o.s.data.mongodb.core.MongoTemplate      : find using query: {} fields: Document{{}} sort: null for class: class com.example.book_management.model.Book in collection: books
2025-01-17T03:36:09.280+05:30 DEBUG 3648 --- [BookManagementAPI] [http-nio-8081-exec-10] o.s.data.mongodb.core.MongoTemplate      : find using query: {} fields: Document{{}} sort: null for class: class com.example.book_management.model.Book in collection: books
2025-01-17T03:36:17.704+05:30 DEBUG 3648 --- [BookManagementAPI] [http-nio-8081-exec-6] o.s.data.mongodb.core.MongoTemplate      : find using query: {} fields: Document{{}} sort: null for class: class com.example.book_management.model.Book in collection: books
2025-01-17T03:36:18.845+05:30 DEBUG 3648 --- [BookManagementAPI] [http-nio-8081-exec-5] o.s.data.mongodb.core.MongoTemplate      : find using query: {} fields: Document{{}} sort: null for class: class com.example.book_management.model.Book in collection: books
2025-01-17T03:37:22.152+05:30 DEBUG 3648 --- [BookManagementAPI] [http-nio-8081-exec-7] o.s.d.m.r.query.MongoQueryCreator        : Created query Query: { "genre" : { "$regularExpression" : { "pattern" : ".*Romance.*", "options" : "i"}}}, Fields: {}, Sort: {}
2025-01-17T03:37:22.162+05:30 DEBUG 3648 --- [BookManagementAPI] [http-nio-8081-exec-7] o.s.data.mongodb.core.MongoTemplate      : find using query: { "genre" : { "$regularExpression" : { "pattern" : ".*Romance.*", "options" : "i"}}} fields: Document{{}} sort: { "genre" : { "$regularExpression" : { "pattern" : ".*Romance.*", "options" : "i"}}} for class: class com.example.book_management.model.Book in collection: books
2025-01-17T03:37:22.292+05:30 DEBUG 3648 --- [BookManagementAPI] [http-nio-8081-exec-4] o.s.d.m.r.query.MongoQueryCreator        : Created query Query: { "genre" : { "$regularExpression" : { "pattern" : ".*Romance.*", "options" : "i"}}}, Fields: {}, Sort: {}
2025-01-17T03:37:22.293+05:30 DEBUG 3648 --- [BookManagementAPI] [http-nio-8081-exec-4] o.s.data.mongodb.core.MongoTemplate      : find using query: { "genre" : { "$regularExpression" : { "pattern" : ".*Romance.*", "options" : "i"}}} fields: Document{{}} sort: { "genre" : { "$regularExpression" : { "pattern" : ".*Romance.*", "options" : "i"}}} for class: class com.example.book_management.model.Book in collection: books
2025-01-17T03:37:26.095+05:30 DEBUG 3648 --- [BookManagementAPI] [http-nio-8081-exec-6] o.s.d.m.r.query.MongoQueryCreator        : Created query Query: { "genre" : { "$regularExpression" : { "pattern" : ".*Romance.*", "options" : "i"}}}, Fields: {}, Sort: {}
2025-01-17T03:37:26.095+05:30 DEBUG 3648 --- [BookManagementAPI] [http-nio-8081-exec-6] o.s.data.mongodb.core.MongoTemplate      : find using query: { "genre" : { "$regularExpression" : { "pattern" : ".*Romance.*", "options" : "i"}}} fields: Document{{}} sort: { "genre" : { "$regularExpression" : { "pattern" : ".*Romance.*", "options" : "i"}}} for class: class com.example.book_management.model.Book in collection: books
2025-01-17T03:37:36.509+05:30 DEBUG 3648 --- [BookManagementAPI] [http-nio-8081-exec-9] o.s.d.m.r.query.MongoQueryCreator        : Created query Query: { "genre" : { "$regularExpression" : { "pattern" : ".*Romance.*", "options" : "i"}}}, Fields: {}, Sort: {}
2025-01-17T03:37:36.511+05:30 DEBUG 3648 --- [BookManagementAPI] [http-nio-8081-exec-9] o.s.data.mongodb.core.MongoTemplate      : find using query: { "genre" : { "$regularExpression" : { "pattern" : ".*Romance.*", "options" : "i"}}} fields: Document{{}} sort: { "genre" : { "$regularExpression" : { "pattern" : ".*Romance.*", "options" : "i"}}} for class: class com.example.book_management.model.Book in collection: books
2025-01-17T03:37:36.602+05:30 DEBUG 3648 --- [BookManagementAPI] [http-nio-8081-exec-3] o.s.d.m.r.query.MongoQueryCreator        : Created query Query: { "genre" : { "$regularExpression" : { "pattern" : ".*Romance.*", "options" : "i"}}}, Fields: {}, Sort: {}
2025-01-17T03:37:36.602+05:30 DEBUG 3648 --- [BookManagementAPI] [http-nio-8081-exec-3] o.s.data.mongodb.core.MongoTemplate      : find using query: { "genre" : { "$regularExpression" : { "pattern" : ".*Romance.*", "options" : "i"}}} fields: Document{{}} sort: { "genre" : { "$regularExpression" : { "pattern" : ".*Romance.*", "options" : "i"}}} for class: class com.example.book_management.model.Book in collection: books
2025-01-17T03:37:39.549+05:30 DEBUG 3648 --- [BookManagementAPI] [http-nio-8081-exec-10] o.s.d.m.r.query.MongoQueryCreator        : Created query Query: { "genre" : { "$regularExpression" : { "pattern" : ".*Fiction.*", "options" : "i"}}}, Fields: {}, Sort: {}
2025-01-17T03:37:39.550+05:30 DEBUG 3648 --- [BookManagementAPI] [http-nio-8081-exec-10] o.s.data.mongodb.core.MongoTemplate      : find using query: { "genre" : { "$regularExpression" : { "pattern" : ".*Fiction.*", "options" : "i"}}} fields: Document{{}} sort: { "genre" : { "$regularExpression" : { "pattern" : ".*Fiction.*", "options" : "i"}}} for class: class com.example.book_management.model.Book in collection: books
2025-01-17T03:37:39.636+05:30 DEBUG 3648 --- [BookManagementAPI] [http-nio-8081-exec-4] o.s.d.m.r.query.MongoQueryCreator        : Created query Query: { "genre" : { "$regularExpression" : { "pattern" : ".*Fiction.*", "options" : "i"}}}, Fields: {}, Sort: {}
2025-01-17T03:37:39.652+05:30 DEBUG 3648 --- [BookManagementAPI] [http-nio-8081-exec-4] o.s.data.mongodb.core.MongoTemplate      : find using query: { "genre" : { "$regularExpression" : { "pattern" : ".*Fiction.*", "options" : "i"}}} fields: Document{{}} sort: { "genre" : { "$regularExpression" : { "pattern" : ".*Fiction.*", "options" : "i"}}} for class: class com.example.book_management.model.Book in collection: books
2025-01-17T03:37:59.073+05:30 DEBUG 3648 --- [BookManagementAPI] [http-nio-8081-exec-5] o.s.d.m.r.query.MongoQueryCreator        : Created query Query: { "genre" : { "$regularExpression" : { "pattern" : ".*Fiction.*", "options" : "i"}}}, Fields: {}, Sort: {}
2025-01-17T03:37:59.073+05:30 DEBUG 3648 --- [BookManagementAPI] [http-nio-8081-exec-5] o.s.data.mongodb.core.MongoTemplate      : find using query: { "genre" : { "$regularExpression" : { "pattern" : ".*Fiction.*", "options" : "i"}}} fields: Document{{}} sort: { "genre" : { "$regularExpression" : { "pattern" : ".*Fiction.*", "options" : "i"}}} for class: class com.example.book_management.model.Book in collection: books
2025-01-17T03:39:19.088+05:30 DEBUG 3648 --- [BookManagementAPI] [http-nio-8081-exec-9] o.s.d.m.r.query.MongoQueryCreator        : Created query Query: { "genre" : { "$regularExpression" : { "pattern" : ".*Fiction.*", "options" : "i"}}}, Fields: {}, Sort: {}
2025-01-17T03:39:19.094+05:30 DEBUG 3648 --- [BookManagementAPI] [http-nio-8081-exec-9] o.s.data.mongodb.core.MongoTemplate      : find using query: { "genre" : { "$regularExpression" : { "pattern" : ".*Fiction.*", "options" : "i"}}} fields: Document{{}} sort: { "genre" : { "$regularExpression" : { "pattern" : ".*Fiction.*", "options" : "i"}}} for class: class com.example.book_management.model.Book in collection: books
2025-01-17T03:39:23.105+05:30 DEBUG 3648 --- [BookManagementAPI] [http-nio-8081-exec-1] o.s.d.m.r.query.MongoQueryCreator        : Created query Query: { "genre" : { "$regularExpression" : { "pattern" : ".*Fiction.*", "options" : "i"}}}, Fields: {}, Sort: {}
2025-01-17T03:39:23.110+05:30 DEBUG 3648 --- [BookManagementAPI] [http-nio-8081-exec-1] o.s.data.mongodb.core.MongoTemplate      : find using query: { "genre" : { "$regularExpression" : { "pattern" : ".*Fiction.*", "options" : "i"}}} fields: Document{{}} sort: { "genre" : { "$regularExpression" : { "pattern" : ".*Fiction.*", "options" : "i"}}} for class: class com.example.book_management.model.Book in collection: books
2025-01-17T03:40:16.092+05:30 DEBUG 3648 --- [BookManagementAPI] [http-nio-8081-exec-10] o.s.d.m.r.query.MongoQueryCreator        : Created query Query: { "genre" : { "$regularExpression" : { "pattern" : ".*Fiction.*", "options" : "i"}}}, Fields: {}, Sort: {}
2025-01-17T03:40:16.095+05:30 DEBUG 3648 --- [BookManagementAPI] [http-nio-8081-exec-10] o.s.data.mongodb.core.MongoTemplate      : find using query: { "genre" : { "$regularExpression" : { "pattern" : ".*Fiction.*", "options" : "i"}}} fields: Document{{}} sort: { "genre" : { "$regularExpression" : { "pattern" : ".*Fiction.*", "options" : "i"}}} for class: class com.example.book_management.model.Book in collection: books
2025-01-17T03:40:30.168+05:30 DEBUG 3648 --- [BookManagementAPI] [http-nio-8081-exec-5] o.s.data.mongodb.core.MongoTemplate      : Executing count: { "_id" : "B-058"} in collection: books
2025-01-17T03:40:31.527+05:30 DEBUG 3648 --- [BookManagementAPI] [http-nio-8081-exec-5] o.s.data.mongodb.core.MongoTemplate      : Remove using query: { "_id" : "B-058"} in collection: books.
2025-01-17T03:40:36.601+05:30 DEBUG 3648 --- [BookManagementAPI] [http-nio-8081-exec-8] o.s.d.m.r.query.MongoQueryCreator        : Created query Query: { "genre" : { "$regularExpression" : { "pattern" : ".*Fiction.*", "options" : "i"}}}, Fields: {}, Sort: {}
2025-01-17T03:40:36.603+05:30 DEBUG 3648 --- [BookManagementAPI] [http-nio-8081-exec-8] o.s.data.mongodb.core.MongoTemplate      : find using query: { "genre" : { "$regularExpression" : { "pattern" : ".*Fiction.*", "options" : "i"}}} fields: Document{{}} sort: { "genre" : { "$regularExpression" : { "pattern" : ".*Fiction.*", "options" : "i"}}} for class: class com.example.book_management.model.Book in collection: books
2025-01-17T03:40:36.695+05:30 DEBUG 3648 --- [BookManagementAPI] [http-nio-8081-exec-9] o.s.d.m.r.query.MongoQueryCreator        : Created query Query: { "genre" : { "$regularExpression" : { "pattern" : ".*Fiction.*", "options" : "i"}}}, Fields: {}, Sort: {}
2025-01-17T03:40:36.695+05:30 DEBUG 3648 --- [BookManagementAPI] [http-nio-8081-exec-9] o.s.data.mongodb.core.MongoTemplate      : find using query: { "genre" : { "$regularExpression" : { "pattern" : ".*Fiction.*", "options" : "i"}}} fields: Document{{}} sort: { "genre" : { "$regularExpression" : { "pattern" : ".*Fiction.*", "options" : "i"}}} for class: class com.example.book_management.model.Book in collection: books
2025-01-17T03:40:47.177+05:30 DEBUG 3648 --- [BookManagementAPI] [http-nio-8081-exec-7] o.s.d.m.r.query.MongoQueryCreator        : Created query Query: { "genre" : { "$regularExpression" : { "pattern" : ".*Fiction.*", "options" : "i"}}}, Fields: {}, Sort: {}
2025-01-17T03:40:47.182+05:30 DEBUG 3648 --- [BookManagementAPI] [http-nio-8081-exec-7] o.s.data.mongodb.core.MongoTemplate      : find using query: { "genre" : { "$regularExpression" : { "pattern" : ".*Fiction.*", "options" : "i"}}} fields: Document{{}} sort: { "genre" : { "$regularExpression" : { "pattern" : ".*Fiction.*", "options" : "i"}}} for class: class com.example.book_management.model.Book in collection: books
2025-01-17T03:40:47.295+05:30 DEBUG 3648 --- [BookManagementAPI] [http-nio-8081-exec-10] o.s.d.m.r.query.MongoQueryCreator        : Created query Query: { "genre" : { "$regularExpression" : { "pattern" : ".*Fiction.*", "options" : "i"}}}, Fields: {}, Sort: {}
2025-01-17T03:40:47.295+05:30 DEBUG 3648 --- [BookManagementAPI] [http-nio-8081-exec-10] o.s.data.mongodb.core.MongoTemplate      : find using query: { "genre" : { "$regularExpression" : { "pattern" : ".*Fiction.*", "options" : "i"}}} fields: Document{{}} sort: { "genre" : { "$regularExpression" : { "pattern" : ".*Fiction.*", "options" : "i"}}} for class: class com.example.book_management.model.Book in collection: books
2025-01-17T03:42:08.096+05:30 DEBUG 3648 --- [BookManagementAPI] [http-nio-8081-exec-2] o.s.d.m.r.query.MongoQueryCreator        : Created query Query: { "genre" : { "$regularExpression" : { "pattern" : ".*Fiction.*", "options" : "i"}}}, Fields: {}, Sort: {}
2025-01-17T03:42:08.099+05:30 DEBUG 3648 --- [BookManagementAPI] [http-nio-8081-exec-2] o.s.data.mongodb.core.MongoTemplate      : find using query: { "genre" : { "$regularExpression" : { "pattern" : ".*Fiction.*", "options" : "i"}}} fields: Document{{}} sort: { "genre" : { "$regularExpression" : { "pattern" : ".*Fiction.*", "options" : "i"}}} for class: class com.example.book_management.model.Book in collection: books
2025-01-17T03:42:08.202+05:30 DEBUG 3648 --- [BookManagementAPI] [http-nio-8081-exec-9] o.s.d.m.r.query.MongoQueryCreator        : Created query Query: { "genre" : { "$regularExpression" : { "pattern" : ".*Fiction.*", "options" : "i"}}}, Fields: {}, Sort: {}
2025-01-17T03:42:08.202+05:30 DEBUG 3648 --- [BookManagementAPI] [http-nio-8081-exec-9] o.s.data.mongodb.core.MongoTemplate      : find using query: { "genre" : { "$regularExpression" : { "pattern" : ".*Fiction.*", "options" : "i"}}} fields: Document{{}} sort: { "genre" : { "$regularExpression" : { "pattern" : ".*Fiction.*", "options" : "i"}}} for class: class com.example.book_management.model.Book in collection: books
2025-01-17T03:44:00.276+05:30  INFO 3648 --- [BookManagementAPI] [cluster-ClusterId{value='6789650f436a76646b0c4778', description='null'}-bookappcluster-shard-00-02.ngexk.mongodb.net:27017] org.mongodb.driver.cluster               : Exception in monitor thread while connecting to server bookappcluster-shard-00-02.ngexk.mongodb.net:27017

com.mongodb.MongoSocketReadTimeoutException: Timeout while receiving message
	at com.mongodb.internal.connection.InternalStreamConnection.createReadTimeoutException(InternalStreamConnection.java:824) ~[mongodb-driver-core-5.2.1.jar:na]
	at com.mongodb.internal.connection.InternalStreamConnection.translateReadException(InternalStreamConnection.java:812) ~[mongodb-driver-core-5.2.1.jar:na]
	at com.mongodb.internal.connection.InternalStreamConnection.receiveResponseBuffers(InternalStreamConnection.java:862) ~[mongodb-driver-core-5.2.1.jar:na]
	at com.mongodb.internal.connection.InternalStreamConnection.receiveCommandMessageResponse(InternalStreamConnection.java:517) ~[mongodb-driver-core-5.2.1.jar:na]
	at com.mongodb.internal.connection.InternalStreamConnection.receive(InternalStreamConnection.java:469) ~[mongodb-driver-core-5.2.1.jar:na]
	at com.mongodb.internal.connection.DefaultServerMonitor$ServerMonitor.lookupServerDescription(DefaultServerMonitor.java:249) ~[mongodb-driver-core-5.2.1.jar:na]
	at com.mongodb.internal.connection.DefaultServerMonitor$ServerMonitor.run(DefaultServerMonitor.java:176) ~[mongodb-driver-core-5.2.1.jar:na]
Caused by: java.net.SocketTimeoutException: Read timed out
	at java.base/sun.nio.ch.NioSocketImpl.timedRead(NioSocketImpl.java:278) ~[na:na]
	at java.base/sun.nio.ch.NioSocketImpl.implRead(NioSocketImpl.java:304) ~[na:na]
	at java.base/sun.nio.ch.NioSocketImpl.read(NioSocketImpl.java:346) ~[na:na]
	at java.base/sun.nio.ch.NioSocketImpl$1.read(NioSocketImpl.java:796) ~[na:na]
	at java.base/java.net.Socket$SocketInputStream.implRead(Socket.java:1116) ~[na:na]
	at java.base/java.net.Socket$SocketInputStream.read(Socket.java:1103) ~[na:na]
	at java.base/sun.security.ssl.SSLSocketInputRecord.read(SSLSocketInputRecord.java:489) ~[na:na]
	at java.base/sun.security.ssl.SSLSocketInputRecord.readHeader(SSLSocketInputRecord.java:483) ~[na:na]
	at java.base/sun.security.ssl.SSLSocketInputRecord.bytesInCompletePacket(SSLSocketInputRecord.java:70) ~[na:na]
	at java.base/sun.security.ssl.SSLSocketImpl.readApplicationRecord(SSLSocketImpl.java:1462) ~[na:na]
	at java.base/sun.security.ssl.SSLSocketImpl$AppInputStream.read(SSLSocketImpl.java:1068) ~[na:na]
	at com.mongodb.internal.connection.SocketStream.read(SocketStream.java:182) ~[mongodb-driver-core-5.2.1.jar:na]
	at com.mongodb.internal.connection.InternalStreamConnection.receiveResponseBuffers(InternalStreamConnection.java:829) ~[mongodb-driver-core-5.2.1.jar:na]
	... 4 common frames omitted

2025-01-17T03:44:00.811+05:30  INFO 3648 --- [BookManagementAPI] [cluster-ClusterId{value='6789650f436a76646b0c4778', description='null'}-bookappcluster-shard-00-02.ngexk.mongodb.net:27017] org.mongodb.driver.cluster               : Monitor thread successfully connected to server with description ServerDescription{address=bookappcluster-shard-00-02.ngexk.mongodb.net:27017, type=REPLICA_SET_SECONDARY, cryptd=false, state=CONNECTED, ok=true, minWireVersion=0, maxWireVersion=25, maxDocumentSize=16777216, logicalSessionTimeoutMinutes=30, roundTripTimeNanos=210870400, minRoundTripTimeNanos=0, setName='atlas-sa64zi-shard-0', canonicalAddress=bookappcluster-shard-00-02.ngexk.mongodb.net:27017, hosts=[bookappcluster-shard-00-02.ngexk.mongodb.net:27017, bookappcluster-shard-00-01.ngexk.mongodb.net:27017, bookappcluster-shard-00-00.ngexk.mongodb.net:27017], passives=[], arbiters=[], primary='bookappcluster-shard-00-01.ngexk.mongodb.net:27017', tagSet=TagSet{[Tag{name='availabilityZone', value='aps1-az2'}, Tag{name='diskState', value='READY'}, Tag{name='nodeType', value='ELECTABLE'}, Tag{name='provider', value='AWS'}, Tag{name='region', value='AP_SOUTH_1'}, Tag{name='workloadType', value='OPERATIONAL'}]}, electionId=null, setVersion=205, topologyVersion=TopologyVersion{processId=67869749ecf4aa0154908b4b, counter=3}, lastWriteDate=Fri Jan 17 03:44:02 IST 2025, lastUpdateTimeNanos=11968745156000}
2025-01-17T03:46:20.237+05:30  INFO 3648 --- [BookManagementAPI] [cluster-ClusterId{value='6789650f436a76646b0c4778', description='null'}-bookappcluster-shard-00-00.ngexk.mongodb.net:27017] org.mongodb.driver.cluster               : Exception in monitor thread while connecting to server bookappcluster-shard-00-00.ngexk.mongodb.net:27017

com.mongodb.MongoSocketReadTimeoutException: Timeout while receiving message
	at com.mongodb.internal.connection.InternalStreamConnection.createReadTimeoutException(InternalStreamConnection.java:824) ~[mongodb-driver-core-5.2.1.jar:na]
	at com.mongodb.internal.connection.InternalStreamConnection.translateReadException(InternalStreamConnection.java:812) ~[mongodb-driver-core-5.2.1.jar:na]
	at com.mongodb.internal.connection.InternalStreamConnection.receiveResponseBuffers(InternalStreamConnection.java:862) ~[mongodb-driver-core-5.2.1.jar:na]
	at com.mongodb.internal.connection.InternalStreamConnection.receiveCommandMessageResponse(InternalStreamConnection.java:517) ~[mongodb-driver-core-5.2.1.jar:na]
	at com.mongodb.internal.connection.InternalStreamConnection.receive(InternalStreamConnection.java:469) ~[mongodb-driver-core-5.2.1.jar:na]
	at com.mongodb.internal.connection.DefaultServerMonitor$ServerMonitor.lookupServerDescription(DefaultServerMonitor.java:249) ~[mongodb-driver-core-5.2.1.jar:na]
	at com.mongodb.internal.connection.DefaultServerMonitor$ServerMonitor.run(DefaultServerMonitor.java:176) ~[mongodb-driver-core-5.2.1.jar:na]
Caused by: java.net.SocketTimeoutException: Read timed out
	at java.base/sun.nio.ch.NioSocketImpl.timedRead(NioSocketImpl.java:278) ~[na:na]
	at java.base/sun.nio.ch.NioSocketImpl.implRead(NioSocketImpl.java:304) ~[na:na]
	at java.base/sun.nio.ch.NioSocketImpl.read(NioSocketImpl.java:346) ~[na:na]
	at java.base/sun.nio.ch.NioSocketImpl$1.read(NioSocketImpl.java:796) ~[na:na]
	at java.base/java.net.Socket$SocketInputStream.implRead(Socket.java:1116) ~[na:na]
	at java.base/java.net.Socket$SocketInputStream.read(Socket.java:1103) ~[na:na]
	at java.base/sun.security.ssl.SSLSocketInputRecord.read(SSLSocketInputRecord.java:489) ~[na:na]
	at java.base/sun.security.ssl.SSLSocketInputRecord.readHeader(SSLSocketInputRecord.java:483) ~[na:na]
	at java.base/sun.security.ssl.SSLSocketInputRecord.bytesInCompletePacket(SSLSocketInputRecord.java:70) ~[na:na]
	at java.base/sun.security.ssl.SSLSocketImpl.readApplicationRecord(SSLSocketImpl.java:1462) ~[na:na]
	at java.base/sun.security.ssl.SSLSocketImpl$AppInputStream.read(SSLSocketImpl.java:1068) ~[na:na]
	at com.mongodb.internal.connection.SocketStream.read(SocketStream.java:182) ~[mongodb-driver-core-5.2.1.jar:na]
	at com.mongodb.internal.connection.InternalStreamConnection.receiveResponseBuffers(InternalStreamConnection.java:829) ~[mongodb-driver-core-5.2.1.jar:na]
	... 4 common frames omitted

2025-01-17T03:46:20.720+05:30  INFO 3648 --- [BookManagementAPI] [cluster-ClusterId{value='6789650f436a76646b0c4778', description='null'}-bookappcluster-shard-00-00.ngexk.mongodb.net:27017] org.mongodb.driver.cluster               : Monitor thread successfully connected to server with description ServerDescription{address=bookappcluster-shard-00-00.ngexk.mongodb.net:27017, type=REPLICA_SET_SECONDARY, cryptd=false, state=CONNECTED, ok=true, minWireVersion=0, maxWireVersion=25, maxDocumentSize=16777216, logicalSessionTimeoutMinutes=30, roundTripTimeNanos=152710700, minRoundTripTimeNanos=0, setName='atlas-sa64zi-shard-0', canonicalAddress=bookappcluster-shard-00-00.ngexk.mongodb.net:27017, hosts=[bookappcluster-shard-00-02.ngexk.mongodb.net:27017, bookappcluster-shard-00-01.ngexk.mongodb.net:27017, bookappcluster-shard-00-00.ngexk.mongodb.net:27017], passives=[], arbiters=[], primary='bookappcluster-shard-00-01.ngexk.mongodb.net:27017', tagSet=TagSet{[Tag{name='availabilityZone', value='aps1-az1'}, Tag{name='diskState', value='READY'}, Tag{name='nodeType', value='ELECTABLE'}, Tag{name='provider', value='AWS'}, Tag{name='region', value='AP_SOUTH_1'}, Tag{name='workloadType', value='OPERATIONAL'}]}, electionId=null, setVersion=205, topologyVersion=TopologyVersion{processId=678695d78b748a07d9798ba4, counter=4}, lastWriteDate=Fri Jan 17 03:46:21 IST 2025, lastUpdateTimeNanos=12108664752100}
2025-01-17T04:15:15.261+05:30 DEBUG 3648 --- [BookManagementAPI] [http-nio-8081-exec-7] o.s.data.mongodb.core.MongoTemplate      : find using query: {} fields: Document{{}} sort: null for class: class com.example.book_management.model.Book in collection: books
2025-01-17T04:15:15.283+05:30  INFO 3648 --- [BookManagementAPI] [http-nio-8081-exec-7] org.mongodb.driver.cluster               : Waiting for server to become available for operation with ID 5795. Remaining time: 29994 ms. Selector: ReadPreferenceServerSelector{readPreference=primary}, topology description: {type=REPLICA_SET, servers=[{address=bookappcluster-shard-00-00.ngexk.mongodb.net:27017, type=REPLICA_SET_SECONDARY, TagSet{[Tag{name='availabilityZone', value='aps1-az1'}, Tag{name='diskState', value='READY'}, Tag{name='nodeType', value='ELECTABLE'}, Tag{name='provider', value='AWS'}, Tag{name='region', value='AP_SOUTH_1'}, Tag{name='workloadType', value='OPERATIONAL'}]}, roundTripTime=1140.7 ms, state=CONNECTED}, {address=bookappcluster-shard-00-01.ngexk.mongodb.net:27017, type=UNKNOWN, state=CONNECTING, exception={com.mongodb.MongoSocketWriteException: Exception sending message}, caused by {java.net.SocketException: Connection reset by peer}}, {address=bookappcluster-shard-00-02.ngexk.mongodb.net:27017, type=REPLICA_SET_SECONDARY, TagSet{[Tag{name='availabilityZone', value='aps1-az2'}, Tag{name='diskState', value='READY'}, Tag{name='nodeType', value='ELECTABLE'}, Tag{name='provider', value='AWS'}, Tag{name='region', value='AP_SOUTH_1'}, Tag{name='workloadType', value='OPERATIONAL'}]}, roundTripTime=1140.4 ms, state=CONNECTED}].
2025-01-17T04:15:16.349+05:30  INFO 3648 --- [BookManagementAPI] [cluster-ClusterId{value='6789650f436a76646b0c4778', description='null'}-bookappcluster-shard-00-01.ngexk.mongodb.net:27017] org.mongodb.driver.cluster               : Monitor thread successfully connected to server with description ServerDescription{address=bookappcluster-shard-00-01.ngexk.mongodb.net:27017, type=REPLICA_SET_PRIMARY, cryptd=false, state=CONNECTED, ok=true, minWireVersion=0, maxWireVersion=25, maxDocumentSize=16777216, logicalSessionTimeoutMinutes=30, roundTripTimeNanos=194645600, minRoundTripTimeNanos=0, setName='atlas-sa64zi-shard-0', canonicalAddress=bookappcluster-shard-00-01.ngexk.mongodb.net:27017, hosts=[bookappcluster-shard-00-02.ngexk.mongodb.net:27017, bookappcluster-shard-00-01.ngexk.mongodb.net:27017, bookappcluster-shard-00-00.ngexk.mongodb.net:27017], passives=[], arbiters=[], primary='bookappcluster-shard-00-01.ngexk.mongodb.net:27017', tagSet=TagSet{[Tag{name='availabilityZone', value='aps1-az3'}, Tag{name='diskState', value='READY'}, Tag{name='nodeType', value='ELECTABLE'}, Tag{name='provider', value='AWS'}, Tag{name='region', value='AP_SOUTH_1'}, Tag{name='workloadType', value='OPERATIONAL'}]}, electionId=7fffffff000000000000024e, setVersion=205, topologyVersion=TopologyVersion{processId=678694d3cef6f62e08dbf6d1, counter=6}, lastWriteDate=Fri Jan 17 04:15:17 IST 2025, lastUpdateTimeNanos=13844296948700}
2025-01-17T04:15:16.349+05:30  INFO 3648 --- [BookManagementAPI] [cluster-ClusterId{value='6789650f436a76646b0c4778', description='null'}-bookappcluster-shard-00-01.ngexk.mongodb.net:27017] org.mongodb.driver.cluster               : Discovered replica set primary bookappcluster-shard-00-01.ngexk.mongodb.net:27017 with max election id 7fffffff000000000000024e and max set version 205
2025-01-17T04:15:17.008+05:30 DEBUG 3648 --- [BookManagementAPI] [http-nio-8081-exec-5] o.s.data.mongodb.core.MongoTemplate      : find using query: {} fields: Document{{}} sort: null for class: class com.example.book_management.model.Book in collection: books
2025-01-17T04:15:21.426+05:30 DEBUG 3648 --- [BookManagementAPI] [http-nio-8081-exec-3] o.s.data.mongodb.core.MongoTemplate      : find using query: {} fields: Document{{}} sort: null for class: class com.example.book_management.model.Book in collection: books
2025-01-17T04:15:21.526+05:30 DEBUG 3648 --- [BookManagementAPI] [http-nio-8081-exec-9] o.s.data.mongodb.core.MongoTemplate      : find using query: {} fields: Document{{}} sort: null for class: class com.example.book_management.model.Book in collection: books
2025-01-17T04:15:51.292+05:30 DEBUG 3648 --- [BookManagementAPI] [http-nio-8081-exec-1] o.s.data.mongodb.core.MongoTemplate      : find using query: {} fields: Document{{}} sort: null for class: class com.example.book_management.model.Book in collection: books
2025-01-17T04:15:51.439+05:30 DEBUG 3648 --- [BookManagementAPI] [http-nio-8081-exec-6] o.s.data.mongodb.core.MongoTemplate      : find using query: {} fields: Document{{}} sort: null for class: class com.example.book_management.model.Book in collection: books
2025-01-17T04:31:58.089+05:30 DEBUG 3648 --- [BookManagementAPI] [http-nio-8081-exec-2] o.s.d.m.r.query.MongoQueryCreator        : Created query Query: { "genre" : { "$regularExpression" : { "pattern" : ".*Mystery.*", "options" : "i"}}}, Fields: {}, Sort: {}
2025-01-17T04:31:58.095+05:30 DEBUG 3648 --- [BookManagementAPI] [http-nio-8081-exec-2] o.s.data.mongodb.core.MongoTemplate      : find using query: { "genre" : { "$regularExpression" : { "pattern" : ".*Mystery.*", "options" : "i"}}} fields: Document{{}} sort: { "genre" : { "$regularExpression" : { "pattern" : ".*Mystery.*", "options" : "i"}}} for class: class com.example.book_management.model.Book in collection: books
2025-01-17T04:31:58.426+05:30 DEBUG 3648 --- [BookManagementAPI] [http-nio-8081-exec-9] o.s.d.m.r.query.MongoQueryCreator        : Created query Query: { "genre" : { "$regularExpression" : { "pattern" : ".*Mystery.*", "options" : "i"}}}, Fields: {}, Sort: {}
2025-01-17T04:31:58.428+05:30 DEBUG 3648 --- [BookManagementAPI] [http-nio-8081-exec-9] o.s.data.mongodb.core.MongoTemplate      : find using query: { "genre" : { "$regularExpression" : { "pattern" : ".*Mystery.*", "options" : "i"}}} fields: Document{{}} sort: { "genre" : { "$regularExpression" : { "pattern" : ".*Mystery.*", "options" : "i"}}} for class: class com.example.book_management.model.Book in collection: books
2025-01-17T04:36:15.813+05:30 DEBUG 3648 --- [BookManagementAPI] [http-nio-8081-exec-6] o.s.data.mongodb.core.MongoTemplate      : find using query: {} fields: Document{{}} sort: null for class: class com.example.book_management.model.Book in collection: books
2025-01-17T04:37:18.116+05:30 DEBUG 3648 --- [BookManagementAPI] [http-nio-8081-exec-8] o.s.d.m.r.query.MongoQueryCreator        : Created query Query: { "author" : { "$regularExpression" : { "pattern" : ".*Olivia Wilson.*", "options" : "i"}}}, Fields: {}, Sort: {}
2025-01-17T04:37:18.118+05:30 DEBUG 3648 --- [BookManagementAPI] [http-nio-8081-exec-8] o.s.data.mongodb.core.MongoTemplate      : find using query: { "author" : { "$regularExpression" : { "pattern" : ".*Olivia Wilson.*", "options" : "i"}}} fields: Document{{}} sort: { "author" : { "$regularExpression" : { "pattern" : ".*Olivia Wilson.*", "options" : "i"}}} for class: class com.example.book_management.model.Book in collection: books
2025-01-17T04:40:50.540+05:30 DEBUG 3648 --- [BookManagementAPI] [http-nio-8081-exec-2] o.s.d.m.r.query.MongoQueryCreator        : Created query Query: { "genre" : { "$regularExpression" : { "pattern" : ".*Mystery.*", "options" : "i"}}}, Fields: {}, Sort: {}
2025-01-17T04:40:50.541+05:30 DEBUG 3648 --- [BookManagementAPI] [http-nio-8081-exec-2] o.s.data.mongodb.core.MongoTemplate      : find using query: { "genre" : { "$regularExpression" : { "pattern" : ".*Mystery.*", "options" : "i"}}} fields: Document{{}} sort: { "genre" : { "$regularExpression" : { "pattern" : ".*Mystery.*", "options" : "i"}}} for class: class com.example.book_management.model.Book in collection: books
2025-01-17T04:40:50.658+05:30 DEBUG 3648 --- [BookManagementAPI] [http-nio-8081-exec-10] o.s.d.m.r.query.MongoQueryCreator        : Created query Query: { "genre" : { "$regularExpression" : { "pattern" : ".*Mystery.*", "options" : "i"}}}, Fields: {}, Sort: {}
2025-01-17T04:40:50.659+05:30 DEBUG 3648 --- [BookManagementAPI] [http-nio-8081-exec-10] o.s.data.mongodb.core.MongoTemplate      : find using query: { "genre" : { "$regularExpression" : { "pattern" : ".*Mystery.*", "options" : "i"}}} fields: Document{{}} sort: { "genre" : { "$regularExpression" : { "pattern" : ".*Mystery.*", "options" : "i"}}} for class: class com.example.book_management.model.Book in collection: books
2025-01-17T04:40:59.529+05:30 DEBUG 3648 --- [BookManagementAPI] [http-nio-8081-exec-5] o.s.d.m.r.query.MongoQueryCreator        : Created query Query: { "genre" : { "$regularExpression" : { "pattern" : ".*Mystery.*", "options" : "i"}}}, Fields: {}, Sort: {}
2025-01-17T04:40:59.532+05:30 DEBUG 3648 --- [BookManagementAPI] [http-nio-8081-exec-5] o.s.data.mongodb.core.MongoTemplate      : find using query: { "genre" : { "$regularExpression" : { "pattern" : ".*Mystery.*", "options" : "i"}}} fields: Document{{}} sort: { "genre" : { "$regularExpression" : { "pattern" : ".*Mystery.*", "options" : "i"}}} for class: class com.example.book_management.model.Book in collection: books
2025-01-17T04:40:59.640+05:30 DEBUG 3648 --- [BookManagementAPI] [http-nio-8081-exec-3] o.s.d.m.r.query.MongoQueryCreator        : Created query Query: { "genre" : { "$regularExpression" : { "pattern" : ".*Mystery.*", "options" : "i"}}}, Fields: {}, Sort: {}
2025-01-17T04:40:59.641+05:30 DEBUG 3648 --- [BookManagementAPI] [http-nio-8081-exec-3] o.s.data.mongodb.core.MongoTemplate      : find using query: { "genre" : { "$regularExpression" : { "pattern" : ".*Mystery.*", "options" : "i"}}} fields: Document{{}} sort: { "genre" : { "$regularExpression" : { "pattern" : ".*Mystery.*", "options" : "i"}}} for class: class com.example.book_management.model.Book in collection: books
2025-01-17T04:42:39.306+05:30 DEBUG 3648 --- [BookManagementAPI] [http-nio-8081-exec-2] o.s.d.m.r.query.MongoQueryCreator        : Created query Query: { "genre" : { "$regularExpression" : { "pattern" : ".*Mystery.*", "options" : "i"}}}, Fields: {}, Sort: {}
2025-01-17T04:42:39.315+05:30 DEBUG 3648 --- [BookManagementAPI] [http-nio-8081-exec-2] o.s.data.mongodb.core.MongoTemplate      : find using query: { "genre" : { "$regularExpression" : { "pattern" : ".*Mystery.*", "options" : "i"}}} fields: Document{{}} sort: { "genre" : { "$regularExpression" : { "pattern" : ".*Mystery.*", "options" : "i"}}} for class: class com.example.book_management.model.Book in collection: books
2025-01-17T04:42:39.431+05:30 DEBUG 3648 --- [BookManagementAPI] [http-nio-8081-exec-1] o.s.d.m.r.query.MongoQueryCreator        : Created query Query: { "genre" : { "$regularExpression" : { "pattern" : ".*Mystery.*", "options" : "i"}}}, Fields: {}, Sort: {}
2025-01-17T04:42:39.432+05:30 DEBUG 3648 --- [BookManagementAPI] [http-nio-8081-exec-1] o.s.data.mongodb.core.MongoTemplate      : find using query: { "genre" : { "$regularExpression" : { "pattern" : ".*Mystery.*", "options" : "i"}}} fields: Document{{}} sort: { "genre" : { "$regularExpression" : { "pattern" : ".*Mystery.*", "options" : "i"}}} for class: class com.example.book_management.model.Book in collection: books
2025-01-17T04:49:00.091+05:30 DEBUG 3648 --- [BookManagementAPI] [http-nio-8081-exec-10] o.s.d.m.r.query.MongoQueryCreator        : Created query Query: { "author" : { "$regularExpression" : { "pattern" : ".*author name.*", "options" : "i"}}}, Fields: {}, Sort: {}
2025-01-17T04:49:00.092+05:30 DEBUG 3648 --- [BookManagementAPI] [http-nio-8081-exec-10] o.s.data.mongodb.core.MongoTemplate      : find using query: { "author" : { "$regularExpression" : { "pattern" : ".*author name.*", "options" : "i"}}} fields: Document{{}} sort: { "author" : { "$regularExpression" : { "pattern" : ".*author name.*", "options" : "i"}}} for class: class com.example.book_management.model.Book in collection: books
2025-01-17T04:49:46.105+05:30 DEBUG 3648 --- [BookManagementAPI] [http-nio-8081-exec-2] o.s.d.m.r.query.MongoQueryCreator        : Created query Query: { "author" : { "$regularExpression" : { "pattern" : ".*author name.*", "options" : "i"}}}, Fields: {}, Sort: {}
2025-01-17T04:49:46.107+05:30 DEBUG 3648 --- [BookManagementAPI] [http-nio-8081-exec-2] o.s.data.mongodb.core.MongoTemplate      : find using query: { "author" : { "$regularExpression" : { "pattern" : ".*author name.*", "options" : "i"}}} fields: Document{{}} sort: { "author" : { "$regularExpression" : { "pattern" : ".*author name.*", "options" : "i"}}} for class: class com.example.book_management.model.Book in collection: books
2025-01-17T04:49:53.093+05:30 DEBUG 3648 --- [BookManagementAPI] [http-nio-8081-exec-8] o.s.d.m.r.query.MongoQueryCreator        : Created query Query: { "author" : { "$regularExpression" : { "pattern" : ".*author name.*", "options" : "i"}}}, Fields: {}, Sort: {}
2025-01-17T04:49:53.094+05:30 DEBUG 3648 --- [BookManagementAPI] [http-nio-8081-exec-8] o.s.data.mongodb.core.MongoTemplate      : find using query: { "author" : { "$regularExpression" : { "pattern" : ".*author name.*", "options" : "i"}}} fields: Document{{}} sort: { "author" : { "$regularExpression" : { "pattern" : ".*author name.*", "options" : "i"}}} for class: class com.example.book_management.model.Book in collection: books
2025-01-17T04:49:59.097+05:30 DEBUG 3648 --- [BookManagementAPI] [http-nio-8081-exec-5] o.s.d.m.r.query.MongoQueryCreator        : Created query Query: { "author" : { "$regularExpression" : { "pattern" : ".*author name.*", "options" : "i"}}}, Fields: {}, Sort: {}
2025-01-17T04:49:59.099+05:30 DEBUG 3648 --- [BookManagementAPI] [http-nio-8081-exec-5] o.s.data.mongodb.core.MongoTemplate      : find using query: { "author" : { "$regularExpression" : { "pattern" : ".*author name.*", "options" : "i"}}} fields: Document{{}} sort: { "author" : { "$regularExpression" : { "pattern" : ".*author name.*", "options" : "i"}}} for class: class com.example.book_management.model.Book in collection: books
2025-01-17T04:50:08.361+05:30 DEBUG 3648 --- [BookManagementAPI] [http-nio-8081-exec-4] o.s.d.m.r.query.MongoQueryCreator        : Created query Query: { "author" : { "$regularExpression" : { "pattern" : ".*author name.*", "options" : "i"}}}, Fields: {}, Sort: {}
2025-01-17T04:50:08.362+05:30 DEBUG 3648 --- [BookManagementAPI] [http-nio-8081-exec-4] o.s.data.mongodb.core.MongoTemplate      : find using query: { "author" : { "$regularExpression" : { "pattern" : ".*author name.*", "options" : "i"}}} fields: Document{{}} sort: { "author" : { "$regularExpression" : { "pattern" : ".*author name.*", "options" : "i"}}} for class: class com.example.book_management.model.Book in collection: books
2025-01-17T04:50:08.464+05:30 DEBUG 3648 --- [BookManagementAPI] [http-nio-8081-exec-9] o.s.d.m.r.query.MongoQueryCreator        : Created query Query: { "author" : { "$regularExpression" : { "pattern" : ".*author name.*", "options" : "i"}}}, Fields: {}, Sort: {}
2025-01-17T04:50:08.466+05:30 DEBUG 3648 --- [BookManagementAPI] [http-nio-8081-exec-9] o.s.data.mongodb.core.MongoTemplate      : find using query: { "author" : { "$regularExpression" : { "pattern" : ".*author name.*", "options" : "i"}}} fields: Document{{}} sort: { "author" : { "$regularExpression" : { "pattern" : ".*author name.*", "options" : "i"}}} for class: class com.example.book_management.model.Book in collection: books
2025-01-17T04:50:10.103+05:30 DEBUG 3648 --- [BookManagementAPI] [http-nio-8081-exec-10] o.s.d.m.r.query.MongoQueryCreator        : Created query Query: { "author" : { "$regularExpression" : { "pattern" : ".*author name.*", "options" : "i"}}}, Fields: {}, Sort: {}
2025-01-17T04:50:10.105+05:30 DEBUG 3648 --- [BookManagementAPI] [http-nio-8081-exec-10] o.s.data.mongodb.core.MongoTemplate      : find using query: { "author" : { "$regularExpression" : { "pattern" : ".*author name.*", "options" : "i"}}} fields: Document{{}} sort: { "author" : { "$regularExpression" : { "pattern" : ".*author name.*", "options" : "i"}}} for class: class com.example.book_management.model.Book in collection: books
2025-01-17T04:50:16.089+05:30 DEBUG 3648 --- [BookManagementAPI] [http-nio-8081-exec-6] o.s.d.m.r.query.MongoQueryCreator        : Created query Query: { "author" : { "$regularExpression" : { "pattern" : ".*author name.*", "options" : "i"}}}, Fields: {}, Sort: {}
2025-01-17T04:50:16.090+05:30 DEBUG 3648 --- [BookManagementAPI] [http-nio-8081-exec-6] o.s.data.mongodb.core.MongoTemplate      : find using query: { "author" : { "$regularExpression" : { "pattern" : ".*author name.*", "options" : "i"}}} fields: Document{{}} sort: { "author" : { "$regularExpression" : { "pattern" : ".*author name.*", "options" : "i"}}} for class: class com.example.book_management.model.Book in collection: books
2025-01-17T04:50:18.076+05:30 DEBUG 3648 --- [BookManagementAPI] [http-nio-8081-exec-1] o.s.d.m.r.query.MongoQueryCreator        : Created query Query: { "author" : { "$regularExpression" : { "pattern" : ".*author name.*", "options" : "i"}}}, Fields: {}, Sort: {}
2025-01-17T04:50:18.078+05:30 DEBUG 3648 --- [BookManagementAPI] [http-nio-8081-exec-1] o.s.data.mongodb.core.MongoTemplate      : find using query: { "author" : { "$regularExpression" : { "pattern" : ".*author name.*", "options" : "i"}}} fields: Document{{}} sort: { "author" : { "$regularExpression" : { "pattern" : ".*author name.*", "options" : "i"}}} for class: class com.example.book_management.model.Book in collection: books
2025-01-17T04:50:26.102+05:30 DEBUG 3648 --- [BookManagementAPI] [http-nio-8081-exec-8] o.s.d.m.r.query.MongoQueryCreator        : Created query Query: { "author" : { "$regularExpression" : { "pattern" : ".*author name.*", "options" : "i"}}}, Fields: {}, Sort: {}
2025-01-17T04:50:26.106+05:30 DEBUG 3648 --- [BookManagementAPI] [http-nio-8081-exec-8] o.s.data.mongodb.core.MongoTemplate      : find using query: { "author" : { "$regularExpression" : { "pattern" : ".*author name.*", "options" : "i"}}} fields: Document{{}} sort: { "author" : { "$regularExpression" : { "pattern" : ".*author name.*", "options" : "i"}}} for class: class com.example.book_management.model.Book in collection: books
2025-01-17T04:50:30.084+05:30 DEBUG 3648 --- [BookManagementAPI] [http-nio-8081-exec-5] o.s.d.m.r.query.MongoQueryCreator        : Created query Query: { "author" : { "$regularExpression" : { "pattern" : ".*author name.*", "options" : "i"}}}, Fields: {}, Sort: {}
2025-01-17T04:50:30.085+05:30 DEBUG 3648 --- [BookManagementAPI] [http-nio-8081-exec-5] o.s.data.mongodb.core.MongoTemplate      : find using query: { "author" : { "$regularExpression" : { "pattern" : ".*author name.*", "options" : "i"}}} fields: Document{{}} sort: { "author" : { "$regularExpression" : { "pattern" : ".*author name.*", "options" : "i"}}} for class: class com.example.book_management.model.Book in collection: books
2025-01-17T04:50:32.129+05:30 DEBUG 3648 --- [BookManagementAPI] [http-nio-8081-exec-3] o.s.d.m.r.query.MongoQueryCreator        : Created query Query: { "author" : { "$regularExpression" : { "pattern" : ".*author name.*", "options" : "i"}}}, Fields: {}, Sort: {}
2025-01-17T04:50:32.132+05:30 DEBUG 3648 --- [BookManagementAPI] [http-nio-8081-exec-3] o.s.data.mongodb.core.MongoTemplate      : find using query: { "author" : { "$regularExpression" : { "pattern" : ".*author name.*", "options" : "i"}}} fields: Document{{}} sort: { "author" : { "$regularExpression" : { "pattern" : ".*author name.*", "options" : "i"}}} for class: class com.example.book_management.model.Book in collection: books
2025-01-17T04:50:35.088+05:30 DEBUG 3648 --- [BookManagementAPI] [http-nio-8081-exec-4] o.s.d.m.r.query.MongoQueryCreator        : Created query Query: { "author" : { "$regularExpression" : { "pattern" : ".*author name.*", "options" : "i"}}}, Fields: {}, Sort: {}
2025-01-17T04:50:35.090+05:30 DEBUG 3648 --- [BookManagementAPI] [http-nio-8081-exec-4] o.s.data.mongodb.core.MongoTemplate      : find using query: { "author" : { "$regularExpression" : { "pattern" : ".*author name.*", "options" : "i"}}} fields: Document{{}} sort: { "author" : { "$regularExpression" : { "pattern" : ".*author name.*", "options" : "i"}}} for class: class com.example.book_management.model.Book in collection: books
2025-01-17T04:50:39.089+05:30 DEBUG 3648 --- [BookManagementAPI] [http-nio-8081-exec-10] o.s.d.m.r.query.MongoQueryCreator        : Created query Query: { "author" : { "$regularExpression" : { "pattern" : ".*author name.*", "options" : "i"}}}, Fields: {}, Sort: {}
2025-01-17T04:50:39.090+05:30 DEBUG 3648 --- [BookManagementAPI] [http-nio-8081-exec-10] o.s.data.mongodb.core.MongoTemplate      : find using query: { "author" : { "$regularExpression" : { "pattern" : ".*author name.*", "options" : "i"}}} fields: Document{{}} sort: { "author" : { "$regularExpression" : { "pattern" : ".*author name.*", "options" : "i"}}} for class: class com.example.book_management.model.Book in collection: books
2025-01-17T04:50:41.086+05:30 DEBUG 3648 --- [BookManagementAPI] [http-nio-8081-exec-6] o.s.d.m.r.query.MongoQueryCreator        : Created query Query: { "author" : { "$regularExpression" : { "pattern" : ".*author name.*", "options" : "i"}}}, Fields: {}, Sort: {}
2025-01-17T04:50:41.087+05:30 DEBUG 3648 --- [BookManagementAPI] [http-nio-8081-exec-6] o.s.data.mongodb.core.MongoTemplate      : find using query: { "author" : { "$regularExpression" : { "pattern" : ".*author name.*", "options" : "i"}}} fields: Document{{}} sort: { "author" : { "$regularExpression" : { "pattern" : ".*author name.*", "options" : "i"}}} for class: class com.example.book_management.model.Book in collection: books
2025-01-17T04:50:42.087+05:30 DEBUG 3648 --- [BookManagementAPI] [http-nio-8081-exec-2] o.s.d.m.r.query.MongoQueryCreator        : Created query Query: { "author" : { "$regularExpression" : { "pattern" : ".*author name.*", "options" : "i"}}}, Fields: {}, Sort: {}
2025-01-17T04:50:42.088+05:30 DEBUG 3648 --- [BookManagementAPI] [http-nio-8081-exec-2] o.s.data.mongodb.core.MongoTemplate      : find using query: { "author" : { "$regularExpression" : { "pattern" : ".*author name.*", "options" : "i"}}} fields: Document{{}} sort: { "author" : { "$regularExpression" : { "pattern" : ".*author name.*", "options" : "i"}}} for class: class com.example.book_management.model.Book in collection: books
2025-01-17T04:50:44.097+05:30 DEBUG 3648 --- [BookManagementAPI] [http-nio-8081-exec-1] o.s.d.m.r.query.MongoQueryCreator        : Created query Query: { "author" : { "$regularExpression" : { "pattern" : ".*author name.*", "options" : "i"}}}, Fields: {}, Sort: {}
2025-01-17T04:50:44.099+05:30 DEBUG 3648 --- [BookManagementAPI] [http-nio-8081-exec-1] o.s.data.mongodb.core.MongoTemplate      : find using query: { "author" : { "$regularExpression" : { "pattern" : ".*author name.*", "options" : "i"}}} fields: Document{{}} sort: { "author" : { "$regularExpression" : { "pattern" : ".*author name.*", "options" : "i"}}} for class: class com.example.book_management.model.Book in collection: books
2025-01-17T04:51:06.101+05:30 DEBUG 3648 --- [BookManagementAPI] [http-nio-8081-exec-7] o.s.d.m.r.query.MongoQueryCreator        : Created query Query: { "author" : { "$regularExpression" : { "pattern" : ".*author name.*", "options" : "i"}}}, Fields: {}, Sort: {}
2025-01-17T04:51:06.104+05:30 DEBUG 3648 --- [BookManagementAPI] [http-nio-8081-exec-7] o.s.data.mongodb.core.MongoTemplate      : find using query: { "author" : { "$regularExpression" : { "pattern" : ".*author name.*", "options" : "i"}}} fields: Document{{}} sort: { "author" : { "$regularExpression" : { "pattern" : ".*author name.*", "options" : "i"}}} for class: class com.example.book_management.model.Book in collection: books
2025-01-17T04:51:16.090+05:30 DEBUG 3648 --- [BookManagementAPI] [http-nio-8081-exec-3] o.s.d.m.r.query.MongoQueryCreator        : Created query Query: { "author" : { "$regularExpression" : { "pattern" : ".*author name.*", "options" : "i"}}}, Fields: {}, Sort: {}
2025-01-17T04:51:16.091+05:30 DEBUG 3648 --- [BookManagementAPI] [http-nio-8081-exec-3] o.s.data.mongodb.core.MongoTemplate      : find using query: { "author" : { "$regularExpression" : { "pattern" : ".*author name.*", "options" : "i"}}} fields: Document{{}} sort: { "author" : { "$regularExpression" : { "pattern" : ".*author name.*", "options" : "i"}}} for class: class com.example.book_management.model.Book in collection: books
2025-01-17T04:51:18.082+05:30 DEBUG 3648 --- [BookManagementAPI] [http-nio-8081-exec-9] o.s.d.m.r.query.MongoQueryCreator        : Created query Query: { "author" : { "$regularExpression" : { "pattern" : ".*author name.*", "options" : "i"}}}, Fields: {}, Sort: {}
2025-01-17T04:51:18.084+05:30 DEBUG 3648 --- [BookManagementAPI] [http-nio-8081-exec-9] o.s.data.mongodb.core.MongoTemplate      : find using query: { "author" : { "$regularExpression" : { "pattern" : ".*author name.*", "options" : "i"}}} fields: Document{{}} sort: { "author" : { "$regularExpression" : { "pattern" : ".*author name.*", "options" : "i"}}} for class: class com.example.book_management.model.Book in collection: books
2025-01-17T04:51:20.115+05:30 DEBUG 3648 --- [BookManagementAPI] [http-nio-8081-exec-10] o.s.d.m.r.query.MongoQueryCreator        : Created query Query: { "author" : { "$regularExpression" : { "pattern" : ".*author name.*", "options" : "i"}}}, Fields: {}, Sort: {}
2025-01-17T04:51:20.115+05:30 DEBUG 3648 --- [BookManagementAPI] [http-nio-8081-exec-10] o.s.data.mongodb.core.MongoTemplate      : find using query: { "author" : { "$regularExpression" : { "pattern" : ".*author name.*", "options" : "i"}}} fields: Document{{}} sort: { "author" : { "$regularExpression" : { "pattern" : ".*author name.*", "options" : "i"}}} for class: class com.example.book_management.model.Book in collection: books
2025-01-17T04:51:23.083+05:30 DEBUG 3648 --- [BookManagementAPI] [http-nio-8081-exec-6] o.s.d.m.r.query.MongoQueryCreator        : Created query Query: { "author" : { "$regularExpression" : { "pattern" : ".*author name.*", "options" : "i"}}}, Fields: {}, Sort: {}
2025-01-17T04:51:23.084+05:30 DEBUG 3648 --- [BookManagementAPI] [http-nio-8081-exec-6] o.s.data.mongodb.core.MongoTemplate      : find using query: { "author" : { "$regularExpression" : { "pattern" : ".*author name.*", "options" : "i"}}} fields: Document{{}} sort: { "author" : { "$regularExpression" : { "pattern" : ".*author name.*", "options" : "i"}}} for class: class com.example.book_management.model.Book in collection: books
2025-01-17T04:51:33.089+05:30 DEBUG 3648 --- [BookManagementAPI] [http-nio-8081-exec-1] o.s.d.m.r.query.MongoQueryCreator        : Created query Query: { "author" : { "$regularExpression" : { "pattern" : ".*author name.*", "options" : "i"}}}, Fields: {}, Sort: {}
2025-01-17T04:51:33.090+05:30 DEBUG 3648 --- [BookManagementAPI] [http-nio-8081-exec-1] o.s.data.mongodb.core.MongoTemplate      : find using query: { "author" : { "$regularExpression" : { "pattern" : ".*author name.*", "options" : "i"}}} fields: Document{{}} sort: { "author" : { "$regularExpression" : { "pattern" : ".*author name.*", "options" : "i"}}} for class: class com.example.book_management.model.Book in collection: books
2025-01-17T04:51:48.080+05:30 DEBUG 3648 --- [BookManagementAPI] [http-nio-8081-exec-7] o.s.d.m.r.query.MongoQueryCreator        : Created query Query: { "author" : { "$regularExpression" : { "pattern" : ".*author name.*", "options" : "i"}}}, Fields: {}, Sort: {}
2025-01-17T04:51:48.081+05:30 DEBUG 3648 --- [BookManagementAPI] [http-nio-8081-exec-7] o.s.data.mongodb.core.MongoTemplate      : find using query: { "author" : { "$regularExpression" : { "pattern" : ".*author name.*", "options" : "i"}}} fields: Document{{}} sort: { "author" : { "$regularExpression" : { "pattern" : ".*author name.*", "options" : "i"}}} for class: class com.example.book_management.model.Book in collection: books
2025-01-17T04:51:59.356+05:30 DEBUG 3648 --- [BookManagementAPI] [http-nio-8081-exec-5] o.s.d.m.r.query.MongoQueryCreator        : Created query Query: { "author" : { "$regularExpression" : { "pattern" : ".*author name.*", "options" : "i"}}}, Fields: {}, Sort: {}
2025-01-17T04:51:59.359+05:30 DEBUG 3648 --- [BookManagementAPI] [http-nio-8081-exec-5] o.s.data.mongodb.core.MongoTemplate      : find using query: { "author" : { "$regularExpression" : { "pattern" : ".*author name.*", "options" : "i"}}} fields: Document{{}} sort: { "author" : { "$regularExpression" : { "pattern" : ".*author name.*", "options" : "i"}}} for class: class com.example.book_management.model.Book in collection: books
2025-01-17T04:51:59.474+05:30 DEBUG 3648 --- [BookManagementAPI] [http-nio-8081-exec-3] o.s.d.m.r.query.MongoQueryCreator        : Created query Query: { "author" : { "$regularExpression" : { "pattern" : ".*author name.*", "options" : "i"}}}, Fields: {}, Sort: {}
2025-01-17T04:51:59.476+05:30 DEBUG 3648 --- [BookManagementAPI] [http-nio-8081-exec-3] o.s.data.mongodb.core.MongoTemplate      : find using query: { "author" : { "$regularExpression" : { "pattern" : ".*author name.*", "options" : "i"}}} fields: Document{{}} sort: { "author" : { "$regularExpression" : { "pattern" : ".*author name.*", "options" : "i"}}} for class: class com.example.book_management.model.Book in collection: books
2025-01-17T04:52:12.027+05:30 DEBUG 3648 --- [BookManagementAPI] [http-nio-8081-exec-4] o.s.d.m.r.query.MongoQueryCreator        : Created query Query: { "author" : { "$regularExpression" : { "pattern" : ".*author name.*", "options" : "i"}}}, Fields: {}, Sort: {}
2025-01-17T04:52:12.028+05:30 DEBUG 3648 --- [BookManagementAPI] [http-nio-8081-exec-4] o.s.data.mongodb.core.MongoTemplate      : find using query: { "author" : { "$regularExpression" : { "pattern" : ".*author name.*", "options" : "i"}}} fields: Document{{}} sort: { "author" : { "$regularExpression" : { "pattern" : ".*author name.*", "options" : "i"}}} for class: class com.example.book_management.model.Book in collection: books
2025-01-17T04:52:12.124+05:30 DEBUG 3648 --- [BookManagementAPI] [http-nio-8081-exec-9] o.s.d.m.r.query.MongoQueryCreator        : Created query Query: { "author" : { "$regularExpression" : { "pattern" : ".*author name.*", "options" : "i"}}}, Fields: {}, Sort: {}
2025-01-17T04:52:12.126+05:30 DEBUG 3648 --- [BookManagementAPI] [http-nio-8081-exec-9] o.s.data.mongodb.core.MongoTemplate      : find using query: { "author" : { "$regularExpression" : { "pattern" : ".*author name.*", "options" : "i"}}} fields: Document{{}} sort: { "author" : { "$regularExpression" : { "pattern" : ".*author name.*", "options" : "i"}}} for class: class com.example.book_management.model.Book in collection: books
2025-01-17T04:52:25.672+05:30 DEBUG 3648 --- [BookManagementAPI] [http-nio-8081-exec-10] o.s.d.m.r.query.MongoQueryCreator        : Created query Query: { "author" : { "$regularExpression" : { "pattern" : ".*Your Book Tittle.*", "options" : "i"}}}, Fields: {}, Sort: {}
2025-01-17T04:52:25.673+05:30 DEBUG 3648 --- [BookManagementAPI] [http-nio-8081-exec-10] o.s.data.mongodb.core.MongoTemplate      : find using query: { "author" : { "$regularExpression" : { "pattern" : ".*Your Book Tittle.*", "options" : "i"}}} fields: Document{{}} sort: { "author" : { "$regularExpression" : { "pattern" : ".*Your Book Tittle.*", "options" : "i"}}} for class: class com.example.book_management.model.Book in collection: books
2025-01-17T04:52:35.937+05:30 DEBUG 3648 --- [BookManagementAPI] [http-nio-8081-exec-6] o.s.d.m.r.query.MongoQueryCreator        : Created query Query: { "author" : { "$regularExpression" : { "pattern" : ".*author name.*", "options" : "i"}}}, Fields: {}, Sort: {}
2025-01-17T04:52:35.939+05:30 DEBUG 3648 --- [BookManagementAPI] [http-nio-8081-exec-6] o.s.data.mongodb.core.MongoTemplate      : find using query: { "author" : { "$regularExpression" : { "pattern" : ".*author name.*", "options" : "i"}}} fields: Document{{}} sort: { "author" : { "$regularExpression" : { "pattern" : ".*author name.*", "options" : "i"}}} for class: class com.example.book_management.model.Book in collection: books
2025-01-17T04:52:37.075+05:30 DEBUG 3648 --- [BookManagementAPI] [http-nio-8081-exec-2] o.s.data.mongodb.core.MongoTemplate      : find using query: {} fields: Document{{}} sort: null for class: class com.example.book_management.model.Book in collection: books
2025-01-17T04:52:37.182+05:30 DEBUG 3648 --- [BookManagementAPI] [http-nio-8081-exec-7] o.s.data.mongodb.core.MongoTemplate      : find using query: {} fields: Document{{}} sort: null for class: class com.example.book_management.model.Book in collection: books
2025-01-17T04:53:01.812+05:30 DEBUG 3648 --- [BookManagementAPI] [http-nio-8081-exec-5] o.s.d.m.r.query.MongoQueryCreator        : Created query Query: { "genre" : { "$regularExpression" : { "pattern" : ".*Mystery.*", "options" : "i"}}}, Fields: {}, Sort: {}
2025-01-17T04:53:01.813+05:30 DEBUG 3648 --- [BookManagementAPI] [http-nio-8081-exec-5] o.s.data.mongodb.core.MongoTemplate      : find using query: { "genre" : { "$regularExpression" : { "pattern" : ".*Mystery.*", "options" : "i"}}} fields: Document{{}} sort: { "genre" : { "$regularExpression" : { "pattern" : ".*Mystery.*", "options" : "i"}}} for class: class com.example.book_management.model.Book in collection: books
2025-01-17T04:53:01.914+05:30 DEBUG 3648 --- [BookManagementAPI] [http-nio-8081-exec-9] o.s.d.m.r.query.MongoQueryCreator        : Created query Query: { "genre" : { "$regularExpression" : { "pattern" : ".*Mystery.*", "options" : "i"}}}, Fields: {}, Sort: {}
2025-01-17T04:53:01.915+05:30 DEBUG 3648 --- [BookManagementAPI] [http-nio-8081-exec-9] o.s.data.mongodb.core.MongoTemplate      : find using query: { "genre" : { "$regularExpression" : { "pattern" : ".*Mystery.*", "options" : "i"}}} fields: Document{{}} sort: { "genre" : { "$regularExpression" : { "pattern" : ".*Mystery.*", "options" : "i"}}} for class: class com.example.book_management.model.Book in collection: books
2025-01-17T04:53:05.577+05:30 DEBUG 3648 --- [BookManagementAPI] [http-nio-8081-exec-6] o.s.d.m.r.query.MongoQueryCreator        : Created query Query: { "genre" : { "$regularExpression" : { "pattern" : ".*\\QSci-Fi\\E.*", "options" : "i"}}}, Fields: {}, Sort: {}
2025-01-17T04:53:05.579+05:30 DEBUG 3648 --- [BookManagementAPI] [http-nio-8081-exec-6] o.s.data.mongodb.core.MongoTemplate      : find using query: { "genre" : { "$regularExpression" : { "pattern" : ".*\\QSci-Fi\\E.*", "options" : "i"}}} fields: Document{{}} sort: { "genre" : { "$regularExpression" : { "pattern" : ".*\\QSci-Fi\\E.*", "options" : "i"}}} for class: class com.example.book_management.model.Book in collection: books
2025-01-17T04:53:05.700+05:30 DEBUG 3648 --- [BookManagementAPI] [http-nio-8081-exec-8] o.s.d.m.r.query.MongoQueryCreator        : Created query Query: { "genre" : { "$regularExpression" : { "pattern" : ".*\\QSci-Fi\\E.*", "options" : "i"}}}, Fields: {}, Sort: {}
2025-01-17T04:53:05.704+05:30 DEBUG 3648 --- [BookManagementAPI] [http-nio-8081-exec-8] o.s.data.mongodb.core.MongoTemplate      : find using query: { "genre" : { "$regularExpression" : { "pattern" : ".*\\QSci-Fi\\E.*", "options" : "i"}}} fields: Document{{}} sort: { "genre" : { "$regularExpression" : { "pattern" : ".*\\QSci-Fi\\E.*", "options" : "i"}}} for class: class com.example.book_management.model.Book in collection: books
2025-01-17T04:53:12.393+05:30 DEBUG 3648 --- [BookManagementAPI] [http-nio-8081-exec-2] o.s.d.m.r.query.MongoQueryCreator        : Created query Query: { "author" : { "$regularExpression" : { "pattern" : ".*Your Book Tittle.*", "options" : "i"}}}, Fields: {}, Sort: {}
2025-01-17T04:53:12.394+05:30 DEBUG 3648 --- [BookManagementAPI] [http-nio-8081-exec-2] o.s.data.mongodb.core.MongoTemplate      : find using query: { "author" : { "$regularExpression" : { "pattern" : ".*Your Book Tittle.*", "options" : "i"}}} fields: Document{{}} sort: { "author" : { "$regularExpression" : { "pattern" : ".*Your Book Tittle.*", "options" : "i"}}} for class: class com.example.book_management.model.Book in collection: books
2025-01-17T04:53:12.498+05:30 DEBUG 3648 --- [BookManagementAPI] [http-nio-8081-exec-7] o.s.d.m.r.query.MongoQueryCreator        : Created query Query: { "author" : { "$regularExpression" : { "pattern" : ".*Your Book Tittle.*", "options" : "i"}}}, Fields: {}, Sort: {}
2025-01-17T04:53:12.499+05:30 DEBUG 3648 --- [BookManagementAPI] [http-nio-8081-exec-7] o.s.data.mongodb.core.MongoTemplate      : find using query: { "author" : { "$regularExpression" : { "pattern" : ".*Your Book Tittle.*", "options" : "i"}}} fields: Document{{}} sort: { "author" : { "$regularExpression" : { "pattern" : ".*Your Book Tittle.*", "options" : "i"}}} for class: class com.example.book_management.model.Book in collection: books
2025-01-17T04:58:03.194+05:30 DEBUG 3648 --- [BookManagementAPI] [http-nio-8081-exec-5] o.s.d.m.r.query.MongoQueryCreator        : Created query Query: { "genre" : { "$regularExpression" : { "pattern" : ".*Mystery.*", "options" : "i"}}}, Fields: {}, Sort: {}
2025-01-17T04:58:03.197+05:30 DEBUG 3648 --- [BookManagementAPI] [http-nio-8081-exec-5] o.s.data.mongodb.core.MongoTemplate      : find using query: { "genre" : { "$regularExpression" : { "pattern" : ".*Mystery.*", "options" : "i"}}} fields: Document{{}} sort: { "genre" : { "$regularExpression" : { "pattern" : ".*Mystery.*", "options" : "i"}}} for class: class com.example.book_management.model.Book in collection: books
2025-01-17T04:58:03.318+05:30 DEBUG 3648 --- [BookManagementAPI] [http-nio-8081-exec-1] o.s.d.m.r.query.MongoQueryCreator        : Created query Query: { "genre" : { "$regularExpression" : { "pattern" : ".*Mystery.*", "options" : "i"}}}, Fields: {}, Sort: {}
2025-01-17T04:58:03.320+05:30 DEBUG 3648 --- [BookManagementAPI] [http-nio-8081-exec-1] o.s.data.mongodb.core.MongoTemplate      : find using query: { "genre" : { "$regularExpression" : { "pattern" : ".*Mystery.*", "options" : "i"}}} fields: Document{{}} sort: { "genre" : { "$regularExpression" : { "pattern" : ".*Mystery.*", "options" : "i"}}} for class: class com.example.book_management.model.Book in collection: books
2025-01-17T05:02:13.311+05:30 DEBUG 3648 --- [BookManagementAPI] [http-nio-8081-exec-2] o.s.d.m.r.query.MongoQueryCreator        : Created query Query: { "genre" : { "$regularExpression" : { "pattern" : ".*Fantasy.*", "options" : "i"}}}, Fields: {}, Sort: {}
2025-01-17T05:02:13.313+05:30 DEBUG 3648 --- [BookManagementAPI] [http-nio-8081-exec-2] o.s.data.mongodb.core.MongoTemplate      : find using query: { "genre" : { "$regularExpression" : { "pattern" : ".*Fantasy.*", "options" : "i"}}} fields: Document{{}} sort: { "genre" : { "$regularExpression" : { "pattern" : ".*Fantasy.*", "options" : "i"}}} for class: class com.example.book_management.model.Book in collection: books
2025-01-17T05:02:13.567+05:30 DEBUG 3648 --- [BookManagementAPI] [http-nio-8081-exec-3] o.s.d.m.r.query.MongoQueryCreator        : Created query Query: { "genre" : { "$regularExpression" : { "pattern" : ".*Fantasy.*", "options" : "i"}}}, Fields: {}, Sort: {}
2025-01-17T05:02:13.568+05:30 DEBUG 3648 --- [BookManagementAPI] [http-nio-8081-exec-3] o.s.data.mongodb.core.MongoTemplate      : find using query: { "genre" : { "$regularExpression" : { "pattern" : ".*Fantasy.*", "options" : "i"}}} fields: Document{{}} sort: { "genre" : { "$regularExpression" : { "pattern" : ".*Fantasy.*", "options" : "i"}}} for class: class com.example.book_management.model.Book in collection: books
2025-01-17T05:02:31.083+05:30 DEBUG 3648 --- [BookManagementAPI] [http-nio-8081-exec-10] o.s.d.m.r.query.MongoQueryCreator        : Created query Query: { "genre" : { "$regularExpression" : { "pattern" : ".*Fantasy.*", "options" : "i"}}}, Fields: {}, Sort: {}
2025-01-17T05:02:31.084+05:30 DEBUG 3648 --- [BookManagementAPI] [http-nio-8081-exec-10] o.s.data.mongodb.core.MongoTemplate      : find using query: { "genre" : { "$regularExpression" : { "pattern" : ".*Fantasy.*", "options" : "i"}}} fields: Document{{}} sort: { "genre" : { "$regularExpression" : { "pattern" : ".*Fantasy.*", "options" : "i"}}} for class: class com.example.book_management.model.Book in collection: books
2025-01-17T05:02:38.109+05:30 DEBUG 3648 --- [BookManagementAPI] [http-nio-8081-exec-7] o.s.d.m.r.query.MongoQueryCreator        : Created query Query: { "genre" : { "$regularExpression" : { "pattern" : ".*Fantasy.*", "options" : "i"}}}, Fields: {}, Sort: {}
2025-01-17T05:02:38.110+05:30 DEBUG 3648 --- [BookManagementAPI] [http-nio-8081-exec-7] o.s.data.mongodb.core.MongoTemplate      : find using query: { "genre" : { "$regularExpression" : { "pattern" : ".*Fantasy.*", "options" : "i"}}} fields: Document{{}} sort: { "genre" : { "$regularExpression" : { "pattern" : ".*Fantasy.*", "options" : "i"}}} for class: class com.example.book_management.model.Book in collection: books
2025-01-17T05:03:03.053+05:30 DEBUG 3648 --- [BookManagementAPI] [http-nio-8081-exec-5] o.s.d.m.r.query.MongoQueryCreator        : Created query Query: { "genre" : { "$regularExpression" : { "pattern" : ".*\\QSci-Fi\\E.*", "options" : "i"}}}, Fields: {}, Sort: {}
2025-01-17T05:03:03.054+05:30 DEBUG 3648 --- [BookManagementAPI] [http-nio-8081-exec-5] o.s.data.mongodb.core.MongoTemplate      : find using query: { "genre" : { "$regularExpression" : { "pattern" : ".*\\QSci-Fi\\E.*", "options" : "i"}}} fields: Document{{}} sort: { "genre" : { "$regularExpression" : { "pattern" : ".*\\QSci-Fi\\E.*", "options" : "i"}}} for class: class com.example.book_management.model.Book in collection: books
2025-01-17T05:03:03.156+05:30 DEBUG 3648 --- [BookManagementAPI] [http-nio-8081-exec-10] o.s.d.m.r.query.MongoQueryCreator        : Created query Query: { "genre" : { "$regularExpression" : { "pattern" : ".*\\QSci-Fi\\E.*", "options" : "i"}}}, Fields: {}, Sort: {}
2025-01-17T05:03:03.158+05:30 DEBUG 3648 --- [BookManagementAPI] [http-nio-8081-exec-10] o.s.data.mongodb.core.MongoTemplate      : find using query: { "genre" : { "$regularExpression" : { "pattern" : ".*\\QSci-Fi\\E.*", "options" : "i"}}} fields: Document{{}} sort: { "genre" : { "$regularExpression" : { "pattern" : ".*\\QSci-Fi\\E.*", "options" : "i"}}} for class: class com.example.book_management.model.Book in collection: books
2025-01-17T05:03:05.893+05:30 DEBUG 3648 --- [BookManagementAPI] [http-nio-8081-exec-8] o.s.d.m.r.query.MongoQueryCreator        : Created query Query: { "genre" : { "$regularExpression" : { "pattern" : ".*\\QSci-Fi\\E.*", "options" : "i"}}}, Fields: {}, Sort: {}
2025-01-17T05:03:05.894+05:30 DEBUG 3648 --- [BookManagementAPI] [http-nio-8081-exec-8] o.s.data.mongodb.core.MongoTemplate      : find using query: { "genre" : { "$regularExpression" : { "pattern" : ".*\\QSci-Fi\\E.*", "options" : "i"}}} fields: Document{{}} sort: { "genre" : { "$regularExpression" : { "pattern" : ".*\\QSci-Fi\\E.*", "options" : "i"}}} for class: class com.example.book_management.model.Book in collection: books
2025-01-17T05:03:05.994+05:30 DEBUG 3648 --- [BookManagementAPI] [http-nio-8081-exec-7] o.s.d.m.r.query.MongoQueryCreator        : Created query Query: { "genre" : { "$regularExpression" : { "pattern" : ".*\\QSci-Fi\\E.*", "options" : "i"}}}, Fields: {}, Sort: {}
2025-01-17T05:03:05.995+05:30 DEBUG 3648 --- [BookManagementAPI] [http-nio-8081-exec-7] o.s.data.mongodb.core.MongoTemplate      : find using query: { "genre" : { "$regularExpression" : { "pattern" : ".*\\QSci-Fi\\E.*", "options" : "i"}}} fields: Document{{}} sort: { "genre" : { "$regularExpression" : { "pattern" : ".*\\QSci-Fi\\E.*", "options" : "i"}}} for class: class com.example.book_management.model.Book in collection: books
2025-01-17T05:08:10.329+05:30 DEBUG 3648 --- [BookManagementAPI] [http-nio-8081-exec-9] o.s.d.m.r.query.MongoQueryCreator        : Created query Query: { "title" : { "$regularExpression" : { "pattern" : ".*ghbnjk.*", "options" : "i"}}}, Fields: {}, Sort: {}
2025-01-17T05:08:10.332+05:30 DEBUG 3648 --- [BookManagementAPI] [http-nio-8081-exec-9] o.s.data.mongodb.core.MongoTemplate      : find using query: { "title" : { "$regularExpression" : { "pattern" : ".*ghbnjk.*", "options" : "i"}}} fields: Document{{}} sort: { "title" : { "$regularExpression" : { "pattern" : ".*ghbnjk.*", "options" : "i"}}} for class: class com.example.book_management.model.Book in collection: books
2025-01-17T05:08:10.441+05:30 DEBUG 3648 --- [BookManagementAPI] [http-nio-8081-exec-1] o.s.d.m.r.query.MongoQueryCreator        : Created query Query: { "title" : { "$regularExpression" : { "pattern" : ".*ghbnjk.*", "options" : "i"}}}, Fields: {}, Sort: {}
2025-01-17T05:08:10.443+05:30 DEBUG 3648 --- [BookManagementAPI] [http-nio-8081-exec-1] o.s.data.mongodb.core.MongoTemplate      : find using query: { "title" : { "$regularExpression" : { "pattern" : ".*ghbnjk.*", "options" : "i"}}} fields: Document{{}} sort: { "title" : { "$regularExpression" : { "pattern" : ".*ghbnjk.*", "options" : "i"}}} for class: class com.example.book_management.model.Book in collection: books
2025-01-17T05:08:13.687+05:30 DEBUG 3648 --- [BookManagementAPI] [http-nio-8081-exec-5] o.s.d.m.r.query.MongoQueryCreator        : Created query Query: { "genre" : { "$regularExpression" : { "pattern" : ".*Mystery.*", "options" : "i"}}}, Fields: {}, Sort: {}
2025-01-17T05:08:13.692+05:30 DEBUG 3648 --- [BookManagementAPI] [http-nio-8081-exec-5] o.s.data.mongodb.core.MongoTemplate      : find using query: { "genre" : { "$regularExpression" : { "pattern" : ".*Mystery.*", "options" : "i"}}} fields: Document{{}} sort: { "genre" : { "$regularExpression" : { "pattern" : ".*Mystery.*", "options" : "i"}}} for class: class com.example.book_management.model.Book in collection: books
2025-01-17T05:08:13.818+05:30 DEBUG 3648 --- [BookManagementAPI] [http-nio-8081-exec-4] o.s.d.m.r.query.MongoQueryCreator        : Created query Query: { "genre" : { "$regularExpression" : { "pattern" : ".*Mystery.*", "options" : "i"}}}, Fields: {}, Sort: {}
2025-01-17T05:08:13.820+05:30 DEBUG 3648 --- [BookManagementAPI] [http-nio-8081-exec-4] o.s.data.mongodb.core.MongoTemplate      : find using query: { "genre" : { "$regularExpression" : { "pattern" : ".*Mystery.*", "options" : "i"}}} fields: Document{{}} sort: { "genre" : { "$regularExpression" : { "pattern" : ".*Mystery.*", "options" : "i"}}} for class: class com.example.book_management.model.Book in collection: books
2025-01-17T05:09:35.366+05:30 DEBUG 3648 --- [BookManagementAPI] [http-nio-8081-exec-3] o.s.d.m.r.query.MongoQueryCreator        : Created query Query: { "genre" : { "$regularExpression" : { "pattern" : ".*Mystery.*", "options" : "i"}}}, Fields: {}, Sort: {}
2025-01-17T05:09:35.368+05:30 DEBUG 3648 --- [BookManagementAPI] [http-nio-8081-exec-3] o.s.data.mongodb.core.MongoTemplate      : find using query: { "genre" : { "$regularExpression" : { "pattern" : ".*Mystery.*", "options" : "i"}}} fields: Document{{}} sort: { "genre" : { "$regularExpression" : { "pattern" : ".*Mystery.*", "options" : "i"}}} for class: class com.example.book_management.model.Book in collection: books
2025-01-17T05:09:35.493+05:30 DEBUG 3648 --- [BookManagementAPI] [http-nio-8081-exec-1] o.s.d.m.r.query.MongoQueryCreator        : Created query Query: { "genre" : { "$regularExpression" : { "pattern" : ".*Mystery.*", "options" : "i"}}}, Fields: {}, Sort: {}
2025-01-17T05:09:35.748+05:30 DEBUG 3648 --- [BookManagementAPI] [http-nio-8081-exec-1] o.s.data.mongodb.core.MongoTemplate      : find using query: { "genre" : { "$regularExpression" : { "pattern" : ".*Mystery.*", "options" : "i"}}} fields: Document{{}} sort: { "genre" : { "$regularExpression" : { "pattern" : ".*Mystery.*", "options" : "i"}}} for class: class com.example.book_management.model.Book in collection: books
2025-01-17T05:10:07.264+05:30 DEBUG 3648 --- [BookManagementAPI] [http-nio-8081-exec-10] o.s.d.m.r.query.MongoQueryCreator        : Created query Query: { "genre" : { "$regularExpression" : { "pattern" : ".*Mystery.*", "options" : "i"}}}, Fields: {}, Sort: {}
2025-01-17T05:10:07.265+05:30 DEBUG 3648 --- [BookManagementAPI] [http-nio-8081-exec-10] o.s.data.mongodb.core.MongoTemplate      : find using query: { "genre" : { "$regularExpression" : { "pattern" : ".*Mystery.*", "options" : "i"}}} fields: Document{{}} sort: { "genre" : { "$regularExpression" : { "pattern" : ".*Mystery.*", "options" : "i"}}} for class: class com.example.book_management.model.Book in collection: books
2025-01-17T05:10:07.375+05:30 DEBUG 3648 --- [BookManagementAPI] [http-nio-8081-exec-4] o.s.d.m.r.query.MongoQueryCreator        : Created query Query: { "genre" : { "$regularExpression" : { "pattern" : ".*Mystery.*", "options" : "i"}}}, Fields: {}, Sort: {}
2025-01-17T05:10:07.376+05:30 DEBUG 3648 --- [BookManagementAPI] [http-nio-8081-exec-4] o.s.data.mongodb.core.MongoTemplate      : find using query: { "genre" : { "$regularExpression" : { "pattern" : ".*Mystery.*", "options" : "i"}}} fields: Document{{}} sort: { "genre" : { "$regularExpression" : { "pattern" : ".*Mystery.*", "options" : "i"}}} for class: class com.example.book_management.model.Book in collection: books
2025-01-17T05:16:32.649+05:30 DEBUG 3648 --- [BookManagementAPI] [http-nio-8081-exec-2] o.s.data.mongodb.core.MongoTemplate      : find using query: {} fields: Document{{}} sort: null for class: class com.example.book_management.model.Book in collection: books
2025-01-17T05:16:32.760+05:30 DEBUG 3648 --- [BookManagementAPI] [http-nio-8081-exec-1] o.s.data.mongodb.core.MongoTemplate      : find using query: {} fields: Document{{}} sort: null for class: class com.example.book_management.model.Book in collection: books
2025-01-17T05:23:50.437+05:30  INFO 3648 --- [BookManagementAPI] [cluster-ClusterId{value='6789650f436a76646b0c4778', description='null'}-bookappcluster-shard-00-01.ngexk.mongodb.net:27017] org.mongodb.driver.cluster               : Exception in monitor thread while connecting to server bookappcluster-shard-00-01.ngexk.mongodb.net:27017

com.mongodb.MongoSocketReadTimeoutException: Timeout while receiving message
	at com.mongodb.internal.connection.InternalStreamConnection.createReadTimeoutException(InternalStreamConnection.java:824) ~[mongodb-driver-core-5.2.1.jar:na]
	at com.mongodb.internal.connection.InternalStreamConnection.translateReadException(InternalStreamConnection.java:812) ~[mongodb-driver-core-5.2.1.jar:na]
	at com.mongodb.internal.connection.InternalStreamConnection.receiveResponseBuffers(InternalStreamConnection.java:862) ~[mongodb-driver-core-5.2.1.jar:na]
	at com.mongodb.internal.connection.InternalStreamConnection.receiveCommandMessageResponse(InternalStreamConnection.java:517) ~[mongodb-driver-core-5.2.1.jar:na]
	at com.mongodb.internal.connection.InternalStreamConnection.receive(InternalStreamConnection.java:469) ~[mongodb-driver-core-5.2.1.jar:na]
	at com.mongodb.internal.connection.DefaultServerMonitor$ServerMonitor.lookupServerDescription(DefaultServerMonitor.java:249) ~[mongodb-driver-core-5.2.1.jar:na]
	at com.mongodb.internal.connection.DefaultServerMonitor$ServerMonitor.run(DefaultServerMonitor.java:176) ~[mongodb-driver-core-5.2.1.jar:na]
Caused by: java.net.SocketTimeoutException: Read timed out
	at java.base/sun.nio.ch.NioSocketImpl.timedRead(NioSocketImpl.java:278) ~[na:na]
	at java.base/sun.nio.ch.NioSocketImpl.implRead(NioSocketImpl.java:304) ~[na:na]
	at java.base/sun.nio.ch.NioSocketImpl.read(NioSocketImpl.java:346) ~[na:na]
	at java.base/sun.nio.ch.NioSocketImpl$1.read(NioSocketImpl.java:796) ~[na:na]
	at java.base/java.net.Socket$SocketInputStream.implRead(Socket.java:1116) ~[na:na]
	at java.base/java.net.Socket$SocketInputStream.read(Socket.java:1103) ~[na:na]
	at java.base/sun.security.ssl.SSLSocketInputRecord.read(SSLSocketInputRecord.java:489) ~[na:na]
	at java.base/sun.security.ssl.SSLSocketInputRecord.readHeader(SSLSocketInputRecord.java:483) ~[na:na]
	at java.base/sun.security.ssl.SSLSocketInputRecord.bytesInCompletePacket(SSLSocketInputRecord.java:70) ~[na:na]
	at java.base/sun.security.ssl.SSLSocketImpl.readApplicationRecord(SSLSocketImpl.java:1462) ~[na:na]
	at java.base/sun.security.ssl.SSLSocketImpl$AppInputStream.read(SSLSocketImpl.java:1068) ~[na:na]
	at com.mongodb.internal.connection.SocketStream.read(SocketStream.java:182) ~[mongodb-driver-core-5.2.1.jar:na]
	at com.mongodb.internal.connection.InternalStreamConnection.receiveResponseBuffers(InternalStreamConnection.java:829) ~[mongodb-driver-core-5.2.1.jar:na]
	... 4 common frames omitted

2025-01-17T05:23:50.968+05:30  INFO 3648 --- [BookManagementAPI] [cluster-ClusterId{value='6789650f436a76646b0c4778', description='null'}-bookappcluster-shard-00-01.ngexk.mongodb.net:27017] org.mongodb.driver.cluster               : Monitor thread successfully connected to server with description ServerDescription{address=bookappcluster-shard-00-01.ngexk.mongodb.net:27017, type=REPLICA_SET_PRIMARY, cryptd=false, state=CONNECTED, ok=true, minWireVersion=0, maxWireVersion=25, maxDocumentSize=16777216, logicalSessionTimeoutMinutes=30, roundTripTimeNanos=265123200, minRoundTripTimeNanos=0, setName='atlas-sa64zi-shard-0', canonicalAddress=bookappcluster-shard-00-01.ngexk.mongodb.net:27017, hosts=[bookappcluster-shard-00-02.ngexk.mongodb.net:27017, bookappcluster-shard-00-01.ngexk.mongodb.net:27017, bookappcluster-shard-00-00.ngexk.mongodb.net:27017], passives=[], arbiters=[], primary='bookappcluster-shard-00-01.ngexk.mongodb.net:27017', tagSet=TagSet{[Tag{name='availabilityZone', value='aps1-az3'}, Tag{name='diskState', value='READY'}, Tag{name='nodeType', value='ELECTABLE'}, Tag{name='provider', value='AWS'}, Tag{name='region', value='AP_SOUTH_1'}, Tag{name='workloadType', value='OPERATIONAL'}]}, electionId=7fffffff000000000000024e, setVersion=205, topologyVersion=TopologyVersion{processId=678694d3cef6f62e08dbf6d1, counter=6}, lastWriteDate=Fri Jan 17 05:23:52 IST 2025, lastUpdateTimeNanos=17958898987300}
2025-01-17T05:23:50.969+05:30  INFO 3648 --- [BookManagementAPI] [cluster-ClusterId{value='6789650f436a76646b0c4778', description='null'}-bookappcluster-shard-00-01.ngexk.mongodb.net:27017] org.mongodb.driver.cluster               : Discovered replica set primary bookappcluster-shard-00-01.ngexk.mongodb.net:27017 with max election id 7fffffff000000000000024e and max set version 205
2025-01-17T06:28:33.272+05:30  INFO 3648 --- [BookManagementAPI] [SpringApplicationShutdownHook] o.s.b.w.e.tomcat.GracefulShutdown        : Commencing graceful shutdown. Waiting for active requests to complete
2025-01-17T06:28:33.358+05:30  INFO 3648 --- [BookManagementAPI] [tomcat-shutdown] o.s.b.w.e.tomcat.GracefulShutdown        : Graceful shutdown complete
2025-01-17T14:35:06.892+05:30  INFO 8960 --- [BookManagementAPI] [main] c.e.b.BookManagementApiApplication       : Starting BookManagementApiApplication using Java 23 with PID 8960 (G:\veloriz\book management system\book-management\target\classes started by HP in G:\veloriz\book management system\book-management)
2025-01-17T14:35:06.949+05:30  INFO 8960 --- [BookManagementAPI] [main] c.e.b.BookManagementApiApplication       : No active profile set, falling back to 1 default profile: "default"
2025-01-17T14:35:11.219+05:30  INFO 8960 --- [BookManagementAPI] [main] .s.d.r.c.RepositoryConfigurationDelegate : Bootstrapping Spring Data MongoDB repositories in DEFAULT mode.
2025-01-17T14:35:11.403+05:30  INFO 8960 --- [BookManagementAPI] [main] .s.d.r.c.RepositoryConfigurationDelegate : Finished Spring Data repository scanning in 164 ms. Found 1 MongoDB repository interface.
2025-01-17T14:35:12.589+05:30  INFO 8960 --- [BookManagementAPI] [main] o.s.b.w.embedded.tomcat.TomcatWebServer  : Tomcat initialized with port 8081 (http)
2025-01-17T14:35:12.642+05:30  INFO 8960 --- [BookManagementAPI] [main] o.apache.catalina.core.StandardService   : Starting service [Tomcat]
2025-01-17T14:35:12.643+05:30  INFO 8960 --- [BookManagementAPI] [main] o.apache.catalina.core.StandardEngine    : Starting Servlet engine: [Apache Tomcat/10.1.34]
2025-01-17T14:35:12.778+05:30  INFO 8960 --- [BookManagementAPI] [main] o.a.c.c.C.[Tomcat].[localhost].[/]       : Initializing Spring embedded WebApplicationContext
2025-01-17T14:35:12.778+05:30  INFO 8960 --- [BookManagementAPI] [main] w.s.c.ServletWebServerApplicationContext : Root WebApplicationContext: initialization completed in 5632 ms
2025-01-17T14:35:14.479+05:30  INFO 8960 --- [BookManagementAPI] [main] org.mongodb.driver.client                : MongoClient with metadata {"driver": {"name": "mongo-java-driver|sync|spring-boot", "version": "5.2.1"}, "os": {"type": "Windows", "name": "Windows 10", "architecture": "amd64", "version": "10.0"}, "platform": "Java/Oracle Corporation/23+37-2369"} created with settings MongoClientSettings{readPreference=primary, writeConcern=WriteConcern{w=majority, wTimeout=null ms, journal=null}, retryWrites=true, retryReads=true, readConcern=ReadConcern{level=null}, credential=MongoCredential{mechanism=null, userName='jhojhonika', source='admin', password=<hidden>, mechanismProperties=<hidden>}, transportSettings=null, commandListeners=[], codecRegistry=ProvidersCodecRegistry{codecProviders=[ValueCodecProvider{}, BsonValueCodecProvider{}, DBRefCodecProvider{}, DBObjectCodecProvider{}, DocumentCodecProvider{}, CollectionCodecProvider{}, IterableCodecProvider{}, MapCodecProvider{}, GeoJsonCodecProvider{}, GridFSFileCodecProvider{}, Jsr310CodecProvider{}, JsonObjectCodecProvider{}, BsonCodecProvider{}, EnumCodecProvider{}, com.mongodb.client.model.mql.ExpressionCodecProvider@273a5a8a, com.mongodb.Jep395RecordCodecProvider@1823b9c4, com.mongodb.KotlinCodecProvider@5b5dce5c]}, loggerSettings=LoggerSettings{maxDocumentLength=1000}, clusterSettings={hosts=[127.0.0.1:27017], srvHost=bookappcluster.ngexk.mongodb.net, srvServiceName=mongodb, mode=MULTIPLE, requiredClusterType=REPLICA_SET, requiredReplicaSetName='atlas-sa64zi-shard-0', serverSelector='null', clusterListeners='[]', serverSelectionTimeout='30000 ms', localThreshold='15 ms'}, socketSettings=SocketSettings{connectTimeoutMS=10000, readTimeoutMS=0, receiveBufferSize=0, proxySettings=ProxySettings{host=null, port=null, username=null, password=null}}, heartbeatSocketSettings=SocketSettings{connectTimeoutMS=10000, readTimeoutMS=10000, receiveBufferSize=0, proxySettings=ProxySettings{host=null, port=null, username=null, password=null}}, connectionPoolSettings=ConnectionPoolSettings{maxSize=100, minSize=0, maxWaitTimeMS=120000, maxConnectionLifeTimeMS=0, maxConnectionIdleTimeMS=0, maintenanceInitialDelayMS=0, maintenanceFrequencyMS=60000, connectionPoolListeners=[], maxConnecting=2}, serverSettings=ServerSettings{heartbeatFrequencyMS=10000, minHeartbeatFrequencyMS=500, serverMonitoringMode=AUTO, serverListeners='[]', serverMonitorListeners='[]'}, sslSettings=SslSettings{enabled=true, invalidHostNameAllowed=false, context=null}, applicationName='null', compressorList=[], uuidRepresentation=JAVA_LEGACY, serverApi=null, autoEncryptionSettings=null, dnsClient=null, inetAddressResolver=null, contextProvider=null, timeoutMS=null}
2025-01-17T14:35:15.471+05:30  INFO 8960 --- [BookManagementAPI] [cluster-ClusterId{value='678a1d4a1fa20655abd25ee1', description='null'}-srv-bookappcluster.ngexk.mongodb.net] org.mongodb.driver.cluster               : Adding discovered server bookappcluster-shard-00-00.ngexk.mongodb.net:27017 to client view of cluster
2025-01-17T14:35:15.545+05:30  INFO 8960 --- [BookManagementAPI] [cluster-ClusterId{value='678a1d4a1fa20655abd25ee1', description='null'}-srv-bookappcluster.ngexk.mongodb.net] org.mongodb.driver.cluster               : Adding discovered server bookappcluster-shard-00-02.ngexk.mongodb.net:27017 to client view of cluster
2025-01-17T14:35:15.552+05:30  INFO 8960 --- [BookManagementAPI] [cluster-ClusterId{value='678a1d4a1fa20655abd25ee1', description='null'}-srv-bookappcluster.ngexk.mongodb.net] org.mongodb.driver.cluster               : Adding discovered server bookappcluster-shard-00-01.ngexk.mongodb.net:27017 to client view of cluster
2025-01-17T14:35:16.841+05:30  INFO 8960 --- [BookManagementAPI] [main] o.s.b.w.embedded.tomcat.TomcatWebServer  : Tomcat started on port 8081 (http) with context path '/'
2025-01-17T14:35:16.861+05:30  INFO 8960 --- [BookManagementAPI] [main] c.e.b.BookManagementApiApplication       : Started BookManagementApiApplication in 11.655 seconds (process running for 19.127)
2025-01-17T14:35:17.616+05:30  INFO 8960 --- [BookManagementAPI] [cluster-ClusterId{value='678a1d4a1fa20655abd25ee1', description='null'}-bookappcluster-shard-00-00.ngexk.mongodb.net:27017] org.mongodb.driver.cluster               : Exception in monitor thread while connecting to server bookappcluster-shard-00-00.ngexk.mongodb.net:27017

com.mongodb.MongoSocketWriteException: Exception sending message
	at com.mongodb.internal.connection.InternalStreamConnection.throwTranslatedWriteException(InternalStreamConnection.java:790) ~[mongodb-driver-core-5.2.1.jar:na]
	at com.mongodb.internal.connection.InternalStreamConnection.sendMessage(InternalStreamConnection.java:675) ~[mongodb-driver-core-5.2.1.jar:na]
	at com.mongodb.internal.connection.InternalStreamConnection.trySendMessage(InternalStreamConnection.java:507) ~[mongodb-driver-core-5.2.1.jar:na]
	at com.mongodb.internal.connection.InternalStreamConnection.sendCommandMessage(InternalStreamConnection.java:482) ~[mongodb-driver-core-5.2.1.jar:na]
	at com.mongodb.internal.connection.InternalStreamConnection.sendAndReceiveInternal(InternalStreamConnection.java:440) ~[mongodb-driver-core-5.2.1.jar:na]
	at com.mongodb.internal.connection.InternalStreamConnection.lambda$sendAndReceive$0(InternalStreamConnection.java:375) ~[mongodb-driver-core-5.2.1.jar:na]
	at com.mongodb.internal.connection.InternalStreamConnection.sendAndReceive(InternalStreamConnection.java:378) ~[mongodb-driver-core-5.2.1.jar:na]
	at com.mongodb.internal.connection.CommandHelper.sendAndReceive(CommandHelper.java:100) ~[mongodb-driver-core-5.2.1.jar:na]
	at com.mongodb.internal.connection.CommandHelper.executeCommand(CommandHelper.java:49) ~[mongodb-driver-core-5.2.1.jar:na]
	at com.mongodb.internal.connection.InternalStreamConnectionInitializer.initializeConnectionDescription(InternalStreamConnectionInitializer.java:144) ~[mongodb-driver-core-5.2.1.jar:na]
	at com.mongodb.internal.connection.InternalStreamConnectionInitializer.startHandshake(InternalStreamConnectionInitializer.java:79) ~[mongodb-driver-core-5.2.1.jar:na]
	at com.mongodb.internal.connection.InternalStreamConnection.open(InternalStreamConnection.java:235) ~[mongodb-driver-core-5.2.1.jar:na]
	at com.mongodb.internal.connection.DefaultServerMonitor$ServerMonitor.lookupServerDescription(DefaultServerMonitor.java:219) ~[mongodb-driver-core-5.2.1.jar:na]
	at com.mongodb.internal.connection.DefaultServerMonitor$ServerMonitor.run(DefaultServerMonitor.java:176) ~[mongodb-driver-core-5.2.1.jar:na]
Caused by: javax.net.ssl.SSLException: (internal_error) Received fatal alert: internal_error
	at java.base/sun.security.ssl.Alert.createSSLException(Alert.java:132) ~[na:na]
	at java.base/sun.security.ssl.Alert.createSSLException(Alert.java:117) ~[na:na]
	at java.base/sun.security.ssl.TransportContext.fatal(TransportContext.java:365) ~[na:na]
	at java.base/sun.security.ssl.Alert$AlertConsumer.consume(Alert.java:287) ~[na:na]
	at java.base/sun.security.ssl.TransportContext.dispatch(TransportContext.java:204) ~[na:na]
	at java.base/sun.security.ssl.SSLTransport.decode(SSLTransport.java:172) ~[na:na]
	at java.base/sun.security.ssl.SSLSocketImpl.decode(SSLSocketImpl.java:1507) ~[na:na]
	at java.base/sun.security.ssl.SSLSocketImpl.readHandshakeRecord(SSLSocketImpl.java:1422) ~[na:na]
	at java.base/sun.security.ssl.SSLSocketImpl.startHandshake(SSLSocketImpl.java:455) ~[na:na]
	at java.base/sun.security.ssl.SSLSocketImpl.ensureNegotiated(SSLSocketImpl.java:924) ~[na:na]
	at java.base/sun.security.ssl.SSLSocketImpl$AppOutputStream.write(SSLSocketImpl.java:1293) ~[na:na]
	at com.mongodb.internal.connection.SocketStream.write(SocketStream.java:165) ~[mongodb-driver-core-5.2.1.jar:na]
	at com.mongodb.internal.connection.InternalStreamConnection.sendMessage(InternalStreamConnection.java:672) ~[mongodb-driver-core-5.2.1.jar:na]
	... 12 common frames omitted

2025-01-17T14:35:17.627+05:30  INFO 8960 --- [BookManagementAPI] [cluster-ClusterId{value='678a1d4a1fa20655abd25ee1', description='null'}-bookappcluster-shard-00-02.ngexk.mongodb.net:27017] org.mongodb.driver.cluster               : Exception in monitor thread while connecting to server bookappcluster-shard-00-02.ngexk.mongodb.net:27017

com.mongodb.MongoSocketWriteException: Exception sending message
	at com.mongodb.internal.connection.InternalStreamConnection.throwTranslatedWriteException(InternalStreamConnection.java:790) ~[mongodb-driver-core-5.2.1.jar:na]
	at com.mongodb.internal.connection.InternalStreamConnection.sendMessage(InternalStreamConnection.java:675) ~[mongodb-driver-core-5.2.1.jar:na]
	at com.mongodb.internal.connection.InternalStreamConnection.trySendMessage(InternalStreamConnection.java:507) ~[mongodb-driver-core-5.2.1.jar:na]
	at com.mongodb.internal.connection.InternalStreamConnection.sendCommandMessage(InternalStreamConnection.java:482) ~[mongodb-driver-core-5.2.1.jar:na]
	at com.mongodb.internal.connection.InternalStreamConnection.sendAndReceiveInternal(InternalStreamConnection.java:440) ~[mongodb-driver-core-5.2.1.jar:na]
	at com.mongodb.internal.connection.InternalStreamConnection.lambda$sendAndReceive$0(InternalStreamConnection.java:375) ~[mongodb-driver-core-5.2.1.jar:na]
	at com.mongodb.internal.connection.InternalStreamConnection.sendAndReceive(InternalStreamConnection.java:378) ~[mongodb-driver-core-5.2.1.jar:na]
	at com.mongodb.internal.connection.CommandHelper.sendAndReceive(CommandHelper.java:100) ~[mongodb-driver-core-5.2.1.jar:na]
	at com.mongodb.internal.connection.CommandHelper.executeCommand(CommandHelper.java:49) ~[mongodb-driver-core-5.2.1.jar:na]
	at com.mongodb.internal.connection.InternalStreamConnectionInitializer.initializeConnectionDescription(InternalStreamConnectionInitializer.java:144) ~[mongodb-driver-core-5.2.1.jar:na]
	at com.mongodb.internal.connection.InternalStreamConnectionInitializer.startHandshake(InternalStreamConnectionInitializer.java:79) ~[mongodb-driver-core-5.2.1.jar:na]
	at com.mongodb.internal.connection.InternalStreamConnection.open(InternalStreamConnection.java:235) ~[mongodb-driver-core-5.2.1.jar:na]
	at com.mongodb.internal.connection.DefaultServerMonitor$ServerMonitor.lookupServerDescription(DefaultServerMonitor.java:219) ~[mongodb-driver-core-5.2.1.jar:na]
	at com.mongodb.internal.connection.DefaultServerMonitor$ServerMonitor.run(DefaultServerMonitor.java:176) ~[mongodb-driver-core-5.2.1.jar:na]
Caused by: javax.net.ssl.SSLException: (internal_error) Received fatal alert: internal_error
	at java.base/sun.security.ssl.Alert.createSSLException(Alert.java:132) ~[na:na]
	at java.base/sun.security.ssl.Alert.createSSLException(Alert.java:117) ~[na:na]
	at java.base/sun.security.ssl.TransportContext.fatal(TransportContext.java:365) ~[na:na]
	at java.base/sun.security.ssl.Alert$AlertConsumer.consume(Alert.java:287) ~[na:na]
	at java.base/sun.security.ssl.TransportContext.dispatch(TransportContext.java:204) ~[na:na]
	at java.base/sun.security.ssl.SSLTransport.decode(SSLTransport.java:172) ~[na:na]
	at java.base/sun.security.ssl.SSLSocketImpl.decode(SSLSocketImpl.java:1507) ~[na:na]
	at java.base/sun.security.ssl.SSLSocketImpl.readHandshakeRecord(SSLSocketImpl.java:1422) ~[na:na]
	at java.base/sun.security.ssl.SSLSocketImpl.startHandshake(SSLSocketImpl.java:455) ~[na:na]
	at java.base/sun.security.ssl.SSLSocketImpl.ensureNegotiated(SSLSocketImpl.java:924) ~[na:na]
	at java.base/sun.security.ssl.SSLSocketImpl$AppOutputStream.write(SSLSocketImpl.java:1293) ~[na:na]
	at com.mongodb.internal.connection.SocketStream.write(SocketStream.java:165) ~[mongodb-driver-core-5.2.1.jar:na]
	at com.mongodb.internal.connection.InternalStreamConnection.sendMessage(InternalStreamConnection.java:672) ~[mongodb-driver-core-5.2.1.jar:na]
	... 12 common frames omitted

2025-01-17T14:35:17.636+05:30  INFO 8960 --- [BookManagementAPI] [cluster-ClusterId{value='678a1d4a1fa20655abd25ee1', description='null'}-bookappcluster-shard-00-01.ngexk.mongodb.net:27017] org.mongodb.driver.cluster               : Exception in monitor thread while connecting to server bookappcluster-shard-00-01.ngexk.mongodb.net:27017

com.mongodb.MongoSocketWriteException: Exception sending message
	at com.mongodb.internal.connection.InternalStreamConnection.throwTranslatedWriteException(InternalStreamConnection.java:790) ~[mongodb-driver-core-5.2.1.jar:na]
	at com.mongodb.internal.connection.InternalStreamConnection.sendMessage(InternalStreamConnection.java:675) ~[mongodb-driver-core-5.2.1.jar:na]
	at com.mongodb.internal.connection.InternalStreamConnection.trySendMessage(InternalStreamConnection.java:507) ~[mongodb-driver-core-5.2.1.jar:na]
	at com.mongodb.internal.connection.InternalStreamConnection.sendCommandMessage(InternalStreamConnection.java:482) ~[mongodb-driver-core-5.2.1.jar:na]
	at com.mongodb.internal.connection.InternalStreamConnection.sendAndReceiveInternal(InternalStreamConnection.java:440) ~[mongodb-driver-core-5.2.1.jar:na]
	at com.mongodb.internal.connection.InternalStreamConnection.lambda$sendAndReceive$0(InternalStreamConnection.java:375) ~[mongodb-driver-core-5.2.1.jar:na]
	at com.mongodb.internal.connection.InternalStreamConnection.sendAndReceive(InternalStreamConnection.java:378) ~[mongodb-driver-core-5.2.1.jar:na]
	at com.mongodb.internal.connection.CommandHelper.sendAndReceive(CommandHelper.java:100) ~[mongodb-driver-core-5.2.1.jar:na]
	at com.mongodb.internal.connection.CommandHelper.executeCommand(CommandHelper.java:49) ~[mongodb-driver-core-5.2.1.jar:na]
	at com.mongodb.internal.connection.InternalStreamConnectionInitializer.initializeConnectionDescription(InternalStreamConnectionInitializer.java:144) ~[mongodb-driver-core-5.2.1.jar:na]
	at com.mongodb.internal.connection.InternalStreamConnectionInitializer.startHandshake(InternalStreamConnectionInitializer.java:79) ~[mongodb-driver-core-5.2.1.jar:na]
	at com.mongodb.internal.connection.InternalStreamConnection.open(InternalStreamConnection.java:235) ~[mongodb-driver-core-5.2.1.jar:na]
	at com.mongodb.internal.connection.DefaultServerMonitor$ServerMonitor.lookupServerDescription(DefaultServerMonitor.java:219) ~[mongodb-driver-core-5.2.1.jar:na]
	at com.mongodb.internal.connection.DefaultServerMonitor$ServerMonitor.run(DefaultServerMonitor.java:176) ~[mongodb-driver-core-5.2.1.jar:na]
Caused by: javax.net.ssl.SSLException: (internal_error) Received fatal alert: internal_error
	at java.base/sun.security.ssl.Alert.createSSLException(Alert.java:132) ~[na:na]
	at java.base/sun.security.ssl.Alert.createSSLException(Alert.java:117) ~[na:na]
	at java.base/sun.security.ssl.TransportContext.fatal(TransportContext.java:365) ~[na:na]
	at java.base/sun.security.ssl.Alert$AlertConsumer.consume(Alert.java:287) ~[na:na]
	at java.base/sun.security.ssl.TransportContext.dispatch(TransportContext.java:204) ~[na:na]
	at java.base/sun.security.ssl.SSLTransport.decode(SSLTransport.java:172) ~[na:na]
	at java.base/sun.security.ssl.SSLSocketImpl.decode(SSLSocketImpl.java:1507) ~[na:na]
	at java.base/sun.security.ssl.SSLSocketImpl.readHandshakeRecord(SSLSocketImpl.java:1422) ~[na:na]
	at java.base/sun.security.ssl.SSLSocketImpl.startHandshake(SSLSocketImpl.java:455) ~[na:na]
	at java.base/sun.security.ssl.SSLSocketImpl.ensureNegotiated(SSLSocketImpl.java:924) ~[na:na]
	at java.base/sun.security.ssl.SSLSocketImpl$AppOutputStream.write(SSLSocketImpl.java:1293) ~[na:na]
	at com.mongodb.internal.connection.SocketStream.write(SocketStream.java:165) ~[mongodb-driver-core-5.2.1.jar:na]
	at com.mongodb.internal.connection.InternalStreamConnection.sendMessage(InternalStreamConnection.java:672) ~[mongodb-driver-core-5.2.1.jar:na]
	... 12 common frames omitted

2025-01-17T14:35:45.603+05:30  INFO 8960 --- [BookManagementAPI] [http-nio-8081-exec-1] o.a.c.c.C.[Tomcat].[localhost].[/]       : Initializing Spring DispatcherServlet 'dispatcherServlet'
2025-01-17T14:35:45.604+05:30  INFO 8960 --- [BookManagementAPI] [http-nio-8081-exec-1] o.s.web.servlet.DispatcherServlet        : Initializing Servlet 'dispatcherServlet'
2025-01-17T14:35:45.606+05:30  INFO 8960 --- [BookManagementAPI] [http-nio-8081-exec-1] o.s.web.servlet.DispatcherServlet        : Completed initialization in 2 ms
2025-01-17T14:35:48.719+05:30  INFO 8960 --- [BookManagementAPI] [cluster-ClusterId{value='678a1d4a1fa20655abd25ee1', description='null'}-bookappcluster-shard-00-02.ngexk.mongodb.net:27017] org.mongodb.driver.cluster               : Monitor thread successfully connected to server with description ServerDescription{address=bookappcluster-shard-00-02.ngexk.mongodb.net:27017, type=REPLICA_SET_SECONDARY, cryptd=false, state=CONNECTED, ok=true, minWireVersion=0, maxWireVersion=25, maxDocumentSize=16777216, logicalSessionTimeoutMinutes=30, roundTripTimeNanos=479754500, minRoundTripTimeNanos=0, setName='atlas-sa64zi-shard-0', canonicalAddress=bookappcluster-shard-00-02.ngexk.mongodb.net:27017, hosts=[bookappcluster-shard-00-02.ngexk.mongodb.net:27017, bookappcluster-shard-00-01.ngexk.mongodb.net:27017, bookappcluster-shard-00-00.ngexk.mongodb.net:27017], passives=[], arbiters=[], primary='bookappcluster-shard-00-01.ngexk.mongodb.net:27017', tagSet=TagSet{[Tag{name='availabilityZone', value='aps1-az2'}, Tag{name='diskState', value='READY'}, Tag{name='nodeType', value='ELECTABLE'}, Tag{name='provider', value='AWS'}, Tag{name='region', value='AP_SOUTH_1'}, Tag{name='workloadType', value='OPERATIONAL'}]}, electionId=null, setVersion=205, topologyVersion=TopologyVersion{processId=67869749ecf4aa0154908b4b, counter=3}, lastWriteDate=Fri Jan 17 14:35:50 IST 2025, lastUpdateTimeNanos=13769658258200}
2025-01-17T14:35:48.719+05:30  INFO 8960 --- [BookManagementAPI] [cluster-ClusterId{value='678a1d4a1fa20655abd25ee1', description='null'}-bookappcluster-shard-00-00.ngexk.mongodb.net:27017] org.mongodb.driver.cluster               : Monitor thread successfully connected to server with description ServerDescription{address=bookappcluster-shard-00-00.ngexk.mongodb.net:27017, type=REPLICA_SET_SECONDARY, cryptd=false, state=CONNECTED, ok=true, minWireVersion=0, maxWireVersion=25, maxDocumentSize=16777216, logicalSessionTimeoutMinutes=30, roundTripTimeNanos=577048000, minRoundTripTimeNanos=0, setName='atlas-sa64zi-shard-0', canonicalAddress=bookappcluster-shard-00-00.ngexk.mongodb.net:27017, hosts=[bookappcluster-shard-00-02.ngexk.mongodb.net:27017, bookappcluster-shard-00-01.ngexk.mongodb.net:27017, bookappcluster-shard-00-00.ngexk.mongodb.net:27017], passives=[], arbiters=[], primary='bookappcluster-shard-00-01.ngexk.mongodb.net:27017', tagSet=TagSet{[Tag{name='availabilityZone', value='aps1-az1'}, Tag{name='diskState', value='READY'}, Tag{name='nodeType', value='ELECTABLE'}, Tag{name='provider', value='AWS'}, Tag{name='region', value='AP_SOUTH_1'}, Tag{name='workloadType', value='OPERATIONAL'}]}, electionId=null, setVersion=205, topologyVersion=TopologyVersion{processId=678695d78b748a07d9798ba4, counter=4}, lastWriteDate=Fri Jan 17 14:35:50 IST 2025, lastUpdateTimeNanos=13769658258300}
2025-01-17T14:35:48.792+05:30  INFO 8960 --- [BookManagementAPI] [cluster-ClusterId{value='678a1d4a1fa20655abd25ee1', description='null'}-bookappcluster-shard-00-01.ngexk.mongodb.net:27017] org.mongodb.driver.cluster               : Monitor thread successfully connected to server with description ServerDescription{address=bookappcluster-shard-00-01.ngexk.mongodb.net:27017, type=REPLICA_SET_PRIMARY, cryptd=false, state=CONNECTED, ok=true, minWireVersion=0, maxWireVersion=25, maxDocumentSize=16777216, logicalSessionTimeoutMinutes=30, roundTripTimeNanos=270849700, minRoundTripTimeNanos=0, setName='atlas-sa64zi-shard-0', canonicalAddress=bookappcluster-shard-00-01.ngexk.mongodb.net:27017, hosts=[bookappcluster-shard-00-02.ngexk.mongodb.net:27017, bookappcluster-shard-00-01.ngexk.mongodb.net:27017, bookappcluster-shard-00-00.ngexk.mongodb.net:27017], passives=[], arbiters=[], primary='bookappcluster-shard-00-01.ngexk.mongodb.net:27017', tagSet=TagSet{[Tag{name='availabilityZone', value='aps1-az3'}, Tag{name='diskState', value='READY'}, Tag{name='nodeType', value='ELECTABLE'}, Tag{name='provider', value='AWS'}, Tag{name='region', value='AP_SOUTH_1'}, Tag{name='workloadType', value='OPERATIONAL'}]}, electionId=7fffffff000000000000024e, setVersion=205, topologyVersion=TopologyVersion{processId=678694d3cef6f62e08dbf6d1, counter=6}, lastWriteDate=Fri Jan 17 14:35:50 IST 2025, lastUpdateTimeNanos=13769743326300}
2025-01-17T14:35:48.792+05:30  INFO 8960 --- [BookManagementAPI] [cluster-ClusterId{value='678a1d4a1fa20655abd25ee1', description='null'}-bookappcluster-shard-00-01.ngexk.mongodb.net:27017] org.mongodb.driver.cluster               : Discovered replica set primary bookappcluster-shard-00-01.ngexk.mongodb.net:27017 with max election id 7fffffff000000000000024e and max set version 205
2025-01-17T14:36:23.267+05:30  INFO 8960 --- [BookManagementAPI] [SpringApplicationShutdownHook] o.s.b.w.e.tomcat.GracefulShutdown        : Commencing graceful shutdown. Waiting for active requests to complete
2025-01-17T14:36:23.267+05:30  INFO 8960 --- [BookManagementAPI] [tomcat-shutdown] o.s.b.w.e.tomcat.GracefulShutdown        : Graceful shutdown complete
2025-01-17T14:36:28.131+05:30  INFO 1676 --- [BookManagementAPI] [main] c.e.b.BookManagementApiApplication       : Starting BookManagementApiApplication using Java 23 with PID 1676 (G:\veloriz\book management system\book-management\target\classes started by HP in G:\veloriz\book management system\book-management)
2025-01-17T14:36:28.162+05:30  INFO 1676 --- [BookManagementAPI] [main] c.e.b.BookManagementApiApplication       : No active profile set, falling back to 1 default profile: "default"
2025-01-17T14:36:30.241+05:30  INFO 1676 --- [BookManagementAPI] [main] .s.d.r.c.RepositoryConfigurationDelegate : Bootstrapping Spring Data MongoDB repositories in DEFAULT mode.
2025-01-17T14:36:30.386+05:30  INFO 1676 --- [BookManagementAPI] [main] .s.d.r.c.RepositoryConfigurationDelegate : Finished Spring Data repository scanning in 126 ms. Found 1 MongoDB repository interface.
2025-01-17T14:36:31.566+05:30  INFO 1676 --- [BookManagementAPI] [main] o.s.b.w.embedded.tomcat.TomcatWebServer  : Tomcat initialized with port 8081 (http)
2025-01-17T14:36:31.612+05:30  INFO 1676 --- [BookManagementAPI] [main] o.apache.catalina.core.StandardService   : Starting service [Tomcat]
2025-01-17T14:36:31.612+05:30  INFO 1676 --- [BookManagementAPI] [main] o.apache.catalina.core.StandardEngine    : Starting Servlet engine: [Apache Tomcat/10.1.34]
2025-01-17T14:36:31.765+05:30  INFO 1676 --- [BookManagementAPI] [main] o.a.c.c.C.[Tomcat].[localhost].[/]       : Initializing Spring embedded WebApplicationContext
2025-01-17T14:36:31.766+05:30  INFO 1676 --- [BookManagementAPI] [main] w.s.c.ServletWebServerApplicationContext : Root WebApplicationContext: initialization completed in 3439 ms
2025-01-17T14:36:33.402+05:30  INFO 1676 --- [BookManagementAPI] [main] org.mongodb.driver.client                : MongoClient with metadata {"driver": {"name": "mongo-java-driver|sync|spring-boot", "version": "5.2.1"}, "os": {"type": "Windows", "name": "Windows 10", "architecture": "amd64", "version": "10.0"}, "platform": "Java/Oracle Corporation/23+37-2369"} created with settings MongoClientSettings{readPreference=primary, writeConcern=WriteConcern{w=majority, wTimeout=null ms, journal=null}, retryWrites=true, retryReads=true, readConcern=ReadConcern{level=null}, credential=MongoCredential{mechanism=null, userName='jhojhonika', source='admin', password=<hidden>, mechanismProperties=<hidden>}, transportSettings=null, commandListeners=[], codecRegistry=ProvidersCodecRegistry{codecProviders=[ValueCodecProvider{}, BsonValueCodecProvider{}, DBRefCodecProvider{}, DBObjectCodecProvider{}, DocumentCodecProvider{}, CollectionCodecProvider{}, IterableCodecProvider{}, MapCodecProvider{}, GeoJsonCodecProvider{}, GridFSFileCodecProvider{}, Jsr310CodecProvider{}, JsonObjectCodecProvider{}, BsonCodecProvider{}, EnumCodecProvider{}, com.mongodb.client.model.mql.ExpressionCodecProvider@2bfaba70, com.mongodb.Jep395RecordCodecProvider@71adfedd, com.mongodb.KotlinCodecProvider@9301672]}, loggerSettings=LoggerSettings{maxDocumentLength=1000}, clusterSettings={hosts=[127.0.0.1:27017], srvHost=bookappcluster.ngexk.mongodb.net, srvServiceName=mongodb, mode=MULTIPLE, requiredClusterType=REPLICA_SET, requiredReplicaSetName='atlas-sa64zi-shard-0', serverSelector='null', clusterListeners='[]', serverSelectionTimeout='30000 ms', localThreshold='15 ms'}, socketSettings=SocketSettings{connectTimeoutMS=10000, readTimeoutMS=0, receiveBufferSize=0, proxySettings=ProxySettings{host=null, port=null, username=null, password=null}}, heartbeatSocketSettings=SocketSettings{connectTimeoutMS=10000, readTimeoutMS=10000, receiveBufferSize=0, proxySettings=ProxySettings{host=null, port=null, username=null, password=null}}, connectionPoolSettings=ConnectionPoolSettings{maxSize=100, minSize=0, maxWaitTimeMS=120000, maxConnectionLifeTimeMS=0, maxConnectionIdleTimeMS=0, maintenanceInitialDelayMS=0, maintenanceFrequencyMS=60000, connectionPoolListeners=[], maxConnecting=2}, serverSettings=ServerSettings{heartbeatFrequencyMS=10000, minHeartbeatFrequencyMS=500, serverMonitoringMode=AUTO, serverListeners='[]', serverMonitorListeners='[]'}, sslSettings=SslSettings{enabled=true, invalidHostNameAllowed=false, context=null}, applicationName='null', compressorList=[], uuidRepresentation=JAVA_LEGACY, serverApi=null, autoEncryptionSettings=null, dnsClient=null, inetAddressResolver=null, contextProvider=null, timeoutMS=null}
2025-01-17T14:36:34.449+05:30  INFO 1676 --- [BookManagementAPI] [cluster-ClusterId{value='678a1d9960b79f3642e8fa1c', description='null'}-srv-bookappcluster.ngexk.mongodb.net] org.mongodb.driver.cluster               : Adding discovered server bookappcluster-shard-00-00.ngexk.mongodb.net:27017 to client view of cluster
2025-01-17T14:36:34.559+05:30  INFO 1676 --- [BookManagementAPI] [cluster-ClusterId{value='678a1d9960b79f3642e8fa1c', description='null'}-srv-bookappcluster.ngexk.mongodb.net] org.mongodb.driver.cluster               : Adding discovered server bookappcluster-shard-00-02.ngexk.mongodb.net:27017 to client view of cluster
2025-01-17T14:36:34.559+05:30  INFO 1676 --- [BookManagementAPI] [cluster-ClusterId{value='678a1d9960b79f3642e8fa1c', description='null'}-srv-bookappcluster.ngexk.mongodb.net] org.mongodb.driver.cluster               : Adding discovered server bookappcluster-shard-00-01.ngexk.mongodb.net:27017 to client view of cluster
2025-01-17T14:36:35.464+05:30  INFO 1676 --- [BookManagementAPI] [main] o.s.b.w.embedded.tomcat.TomcatWebServer  : Tomcat started on port 8081 (http) with context path '/'
2025-01-17T14:36:35.501+05:30  INFO 1676 --- [BookManagementAPI] [main] c.e.b.BookManagementApiApplication       : Started BookManagementApiApplication in 8.687 seconds (process running for 9.803)
2025-01-17T14:36:36.214+05:30  INFO 1676 --- [BookManagementAPI] [cluster-ClusterId{value='678a1d9960b79f3642e8fa1c', description='null'}-bookappcluster-shard-00-00.ngexk.mongodb.net:27017] org.mongodb.driver.cluster               : Monitor thread successfully connected to server with description ServerDescription{address=bookappcluster-shard-00-00.ngexk.mongodb.net:27017, type=REPLICA_SET_SECONDARY, cryptd=false, state=CONNECTED, ok=true, minWireVersion=0, maxWireVersion=25, maxDocumentSize=16777216, logicalSessionTimeoutMinutes=30, roundTripTimeNanos=754036500, minRoundTripTimeNanos=0, setName='atlas-sa64zi-shard-0', canonicalAddress=bookappcluster-shard-00-00.ngexk.mongodb.net:27017, hosts=[bookappcluster-shard-00-02.ngexk.mongodb.net:27017, bookappcluster-shard-00-01.ngexk.mongodb.net:27017, bookappcluster-shard-00-00.ngexk.mongodb.net:27017], passives=[], arbiters=[], primary='bookappcluster-shard-00-01.ngexk.mongodb.net:27017', tagSet=TagSet{[Tag{name='availabilityZone', value='aps1-az1'}, Tag{name='diskState', value='READY'}, Tag{name='nodeType', value='ELECTABLE'}, Tag{name='provider', value='AWS'}, Tag{name='region', value='AP_SOUTH_1'}, Tag{name='workloadType', value='OPERATIONAL'}]}, electionId=null, setVersion=205, topologyVersion=TopologyVersion{processId=678695d78b748a07d9798ba4, counter=4}, lastWriteDate=Fri Jan 17 14:36:37 IST 2025, lastUpdateTimeNanos=13817153812200}
2025-01-17T14:36:36.214+05:30  INFO 1676 --- [BookManagementAPI] [cluster-ClusterId{value='678a1d9960b79f3642e8fa1c', description='null'}-bookappcluster-shard-00-01.ngexk.mongodb.net:27017] org.mongodb.driver.cluster               : Monitor thread successfully connected to server with description ServerDescription{address=bookappcluster-shard-00-01.ngexk.mongodb.net:27017, type=REPLICA_SET_PRIMARY, cryptd=false, state=CONNECTED, ok=true, minWireVersion=0, maxWireVersion=25, maxDocumentSize=16777216, logicalSessionTimeoutMinutes=30, roundTripTimeNanos=727773700, minRoundTripTimeNanos=0, setName='atlas-sa64zi-shard-0', canonicalAddress=bookappcluster-shard-00-01.ngexk.mongodb.net:27017, hosts=[bookappcluster-shard-00-02.ngexk.mongodb.net:27017, bookappcluster-shard-00-01.ngexk.mongodb.net:27017, bookappcluster-shard-00-00.ngexk.mongodb.net:27017], passives=[], arbiters=[], primary='bookappcluster-shard-00-01.ngexk.mongodb.net:27017', tagSet=TagSet{[Tag{name='availabilityZone', value='aps1-az3'}, Tag{name='diskState', value='READY'}, Tag{name='nodeType', value='ELECTABLE'}, Tag{name='provider', value='AWS'}, Tag{name='region', value='AP_SOUTH_1'}, Tag{name='workloadType', value='OPERATIONAL'}]}, electionId=7fffffff000000000000024e, setVersion=205, topologyVersion=TopologyVersion{processId=678694d3cef6f62e08dbf6d1, counter=6}, lastWriteDate=Fri Jan 17 14:36:37 IST 2025, lastUpdateTimeNanos=13817168824600}
2025-01-17T14:36:36.230+05:30  INFO 1676 --- [BookManagementAPI] [cluster-ClusterId{value='678a1d9960b79f3642e8fa1c', description='null'}-bookappcluster-shard-00-02.ngexk.mongodb.net:27017] org.mongodb.driver.cluster               : Monitor thread successfully connected to server with description ServerDescription{address=bookappcluster-shard-00-02.ngexk.mongodb.net:27017, type=REPLICA_SET_SECONDARY, cryptd=false, state=CONNECTED, ok=true, minWireVersion=0, maxWireVersion=25, maxDocumentSize=16777216, logicalSessionTimeoutMinutes=30, roundTripTimeNanos=738500600, minRoundTripTimeNanos=0, setName='atlas-sa64zi-shard-0', canonicalAddress=bookappcluster-shard-00-02.ngexk.mongodb.net:27017, hosts=[bookappcluster-shard-00-02.ngexk.mongodb.net:27017, bookappcluster-shard-00-01.ngexk.mongodb.net:27017, bookappcluster-shard-00-00.ngexk.mongodb.net:27017], passives=[], arbiters=[], primary='bookappcluster-shard-00-01.ngexk.mongodb.net:27017', tagSet=TagSet{[Tag{name='availabilityZone', value='aps1-az2'}, Tag{name='diskState', value='READY'}, Tag{name='nodeType', value='ELECTABLE'}, Tag{name='provider', value='AWS'}, Tag{name='region', value='AP_SOUTH_1'}, Tag{name='workloadType', value='OPERATIONAL'}]}, electionId=null, setVersion=205, topologyVersion=TopologyVersion{processId=67869749ecf4aa0154908b4b, counter=3}, lastWriteDate=Fri Jan 17 14:36:37 IST 2025, lastUpdateTimeNanos=13817172691200}
2025-01-17T14:36:36.230+05:30  INFO 1676 --- [BookManagementAPI] [cluster-ClusterId{value='678a1d9960b79f3642e8fa1c', description='null'}-bookappcluster-shard-00-01.ngexk.mongodb.net:27017] org.mongodb.driver.cluster               : Discovered replica set primary bookappcluster-shard-00-01.ngexk.mongodb.net:27017 with max election id 7fffffff000000000000024e and max set version 205
2025-01-17T14:37:03.238+05:30  INFO 1676 --- [BookManagementAPI] [http-nio-8081-exec-1] o.a.c.c.C.[Tomcat].[localhost].[/]       : Initializing Spring DispatcherServlet 'dispatcherServlet'
2025-01-17T14:37:03.239+05:30  INFO 1676 --- [BookManagementAPI] [http-nio-8081-exec-1] o.s.web.servlet.DispatcherServlet        : Initializing Servlet 'dispatcherServlet'
2025-01-17T14:37:03.241+05:30  INFO 1676 --- [BookManagementAPI] [http-nio-8081-exec-1] o.s.web.servlet.DispatcherServlet        : Completed initialization in 2 ms
2025-01-17T14:37:58.820+05:30 DEBUG 1676 --- [BookManagementAPI] [http-nio-8081-exec-7] o.s.d.m.r.query.MongoQueryCreator        : Created query Query: { "author" : { "$regularExpression" : { "pattern" : ".*Olivia Wilson.*", "options" : "i"}}}, Fields: {}, Sort: {}
2025-01-17T14:37:58.866+05:30 DEBUG 1676 --- [BookManagementAPI] [http-nio-8081-exec-7] o.s.data.mongodb.core.MongoTemplate      : find using query: { "author" : { "$regularExpression" : { "pattern" : ".*Olivia Wilson.*", "options" : "i"}}} fields: Document{{}} sort: { "author" : { "$regularExpression" : { "pattern" : ".*Olivia Wilson.*", "options" : "i"}}} for class: class com.example.book_management.model.Book in collection: books
